metric,group,partition,tool_a,tool_b,n_pairs,mean_a,mean_b,mean_diff,ci95_low,ci95_high,mcnemar_p_value
complete_repair_rate,C1,detectable_only,baseline_missing_transition,baseline_wrong_target,495,0.684848,0.121212,0.563636,0.50101,0.624242,0.0
effective_repair_rate,C1,detectable_only,baseline_missing_transition,baseline_wrong_target,495,0.779798,0.220202,0.559596,0.49697,0.620202,0.0
mean_bpr_delta,C1,detectable_only,baseline_missing_transition,baseline_wrong_target,495,0.105298,0.048675,0.056623,0.038828,0.074937,
complete_repair_rate,C1,detectable_only,baseline_missing_transition,baseline_random,495,0.684848,0.00202,0.682828,0.642424,0.723232,0.0
effective_repair_rate,C1,detectable_only,baseline_missing_transition,baseline_random,495,0.779798,0.006061,0.773737,0.737374,0.812121,0.0
mean_bpr_delta,C1,detectable_only,baseline_missing_transition,baseline_random,495,0.105298,-0.016318,0.121616,0.10345,0.140978,
complete_repair_rate,C1,detectable_only,baseline_wrong_target,baseline_random,495,0.121212,0.00202,0.119192,0.090909,0.147475,0.0
effective_repair_rate,C1,detectable_only,baseline_wrong_target,baseline_random,495,0.220202,0.006061,0.214141,0.177778,0.252525,0.0
mean_bpr_delta,C1,detectable_only,baseline_wrong_target,baseline_random,495,0.048675,-0.016318,0.064993,0.052643,0.078774,
