case_id,plan_name,plan_version,cell_index,bug_type,reference_bpr,faulty_bpr,seed
case_000001,fsmrepairbench_v0_2,0.2.0,0,missing_transition,1.0,0.0,62
case_000002,fsmrepairbench_v0_2,0.2.0,0,missing_transition,1.0,0.0,79
case_000003,fsmrepairbench_v0_2,0.2.0,0,missing_transition,1.0,0.0,96
case_000004,fsmrepairbench_v0_2,0.2.0,0,missing_transition,1.0,0.0,113
case_000005,fsmrepairbench_v0_2,0.2.0,0,missing_transition,1.0,0.0,130
case_000006,fsmrepairbench_v0_2,0.2.0,0,missing_transition,1.0,0.0,147
case_000007,fsmrepairbench_v0_2,0.2.0,0,missing_transition,1.0,0.0,164
case_000008,fsmrepairbench_v0_2,0.2.0,0,missing_transition,1.0,0.0,181
case_000009,fsmrepairbench_v0_2,0.2.0,0,missing_transition,1.0,0.0,198
case_000010,fsmrepairbench_v0_2,0.2.0,0,missing_transition,1.0,0.0,215
case_000011,fsmrepairbench_v0_2,0.2.0,0,missing_transition,1.0,0.0,232
case_000012,fsmrepairbench_v0_2,0.2.0,0,missing_transition,1.0,0.0,249
case_000013,fsmrepairbench_v0_2,0.2.0,0,missing_transition,1.0,0.0,266
case_000014,fsmrepairbench_v0_2,0.2.0,0,missing_transition,1.0,0.0,283
case_000015,fsmrepairbench_v0_2,0.2.0,0,missing_transition,1.0,0.0,300
case_000016,fsmrepairbench_v0_2,0.2.0,0,missing_transition,1.0,0.0,317
case_000017,fsmrepairbench_v0_2,0.2.0,0,missing_transition,1.0,0.0,334
case_000018,fsmrepairbench_v0_2,0.2.0,0,missing_transition,1.0,0.0,351
case_000019,fsmrepairbench_v0_2,0.2.0,0,missing_transition,1.0,0.0,368
case_000020,fsmrepairbench_v0_2,0.2.0,0,missing_transition,1.0,0.0,385
case_000021,fsmrepairbench_v0_2,0.2.0,0,missing_transition,1.0,0.0,402
case_000022,fsmrepairbench_v0_2,0.2.0,0,missing_transition,1.0,0.0,419
case_000023,fsmrepairbench_v0_2,0.2.0,0,missing_transition,1.0,0.0,436
case_000024,fsmrepairbench_v0_2,0.2.0,0,missing_transition,1.0,0.0,453
case_000025,fsmrepairbench_v0_2,0.2.0,0,missing_transition,1.0,0.0,470
case_000026,fsmrepairbench_v0_2,0.2.0,0,missing_transition,1.0,0.0,487
case_000027,fsmrepairbench_v0_2,0.2.0,0,missing_transition,1.0,0.0,504
case_000028,fsmrepairbench_v0_2,0.2.0,0,missing_transition,1.0,0.0,521
case_000029,fsmrepairbench_v0_2,0.2.0,0,missing_transition,1.0,0.0,538
case_000030,fsmrepairbench_v0_2,0.2.0,0,missing_transition,1.0,0.0,555
case_000031,fsmrepairbench_v0_2,0.2.0,0,missing_transition,1.0,0.0,572
case_000032,fsmrepairbench_v0_2,0.2.0,0,missing_transition,1.0,0.0,589
case_000033,fsmrepairbench_v0_2,0.2.0,0,missing_transition,1.0,0.0,606
case_000034,fsmrepairbench_v0_2,0.2.0,0,missing_transition,1.0,0.0,623
case_000035,fsmrepairbench_v0_2,0.2.0,0,missing_transition,1.0,0.0,640
case_000036,fsmrepairbench_v0_2,0.2.0,0,missing_transition,1.0,0.0,657
case_000037,fsmrepairbench_v0_2,0.2.0,0,missing_transition,1.0,0.0,674
case_000038,fsmrepairbench_v0_2,0.2.0,0,missing_transition,1.0,0.0,691
case_000039,fsmrepairbench_v0_2,0.2.0,0,missing_transition,1.0,0.0,708
case_000040,fsmrepairbench_v0_2,0.2.0,0,missing_transition,1.0,0.0,725
case_000041,fsmrepairbench_v0_2,0.2.0,0,missing_transition,1.0,0.0,742
case_000042,fsmrepairbench_v0_2,0.2.0,0,missing_transition,1.0,0.0,759
case_000043,fsmrepairbench_v0_2,0.2.0,0,missing_transition,1.0,0.0,776
case_000044,fsmrepairbench_v0_2,0.2.0,0,missing_transition,1.0,0.0,793
case_000045,fsmrepairbench_v0_2,0.2.0,0,missing_transition,1.0,0.0,810
case_000046,fsmrepairbench_v0_2,0.2.0,0,missing_transition,1.0,0.0,827
case_000047,fsmrepairbench_v0_2,0.2.0,0,missing_transition,1.0,0.0,844
case_000048,fsmrepairbench_v0_2,0.2.0,0,missing_transition,1.0,0.0,861
case_000049,fsmrepairbench_v0_2,0.2.0,0,missing_transition,1.0,0.0,878
case_000050,fsmrepairbench_v0_2,0.2.0,0,missing_transition,1.0,0.0,895
case_000051,fsmrepairbench_v0_2,0.2.0,1,wrong_source,1.0,0.0,1013
case_000052,fsmrepairbench_v0_2,0.2.0,1,wrong_source,1.0,0.0,1030
case_000053,fsmrepairbench_v0_2,0.2.0,1,wrong_source,1.0,0.0,1047
case_000054,fsmrepairbench_v0_2,0.2.0,1,wrong_source,1.0,0.0,1064
case_000055,fsmrepairbench_v0_2,0.2.0,1,wrong_source,1.0,0.0,1081
case_000056,fsmrepairbench_v0_2,0.2.0,1,wrong_source,1.0,0.0,1098
case_000057,fsmrepairbench_v0_2,0.2.0,1,wrong_source,1.0,0.0,1115
case_000058,fsmrepairbench_v0_2,0.2.0,1,wrong_source,1.0,0.0,1132
case_000059,fsmrepairbench_v0_2,0.2.0,1,wrong_source,1.0,0.0,1149
case_000060,fsmrepairbench_v0_2,0.2.0,1,wrong_source,1.0,0.0,1166
case_000061,fsmrepairbench_v0_2,0.2.0,1,wrong_source,1.0,0.0,1183
case_000062,fsmrepairbench_v0_2,0.2.0,1,wrong_source,1.0,0.0,1200
case_000063,fsmrepairbench_v0_2,0.2.0,1,wrong_source,1.0,0.0,1217
case_000064,fsmrepairbench_v0_2,0.2.0,1,wrong_source,1.0,0.0,1234
case_000065,fsmrepairbench_v0_2,0.2.0,1,wrong_source,1.0,0.0,1251
case_000066,fsmrepairbench_v0_2,0.2.0,1,wrong_source,1.0,0.0,1268
case_000067,fsmrepairbench_v0_2,0.2.0,1,wrong_source,1.0,0.0,1285
case_000068,fsmrepairbench_v0_2,0.2.0,1,wrong_source,1.0,0.0,1302
case_000069,fsmrepairbench_v0_2,0.2.0,1,wrong_source,1.0,0.0,1319
case_000070,fsmrepairbench_v0_2,0.2.0,1,wrong_source,1.0,0.0,1336
case_000071,fsmrepairbench_v0_2,0.2.0,1,wrong_source,1.0,0.0,1353
case_000072,fsmrepairbench_v0_2,0.2.0,1,wrong_source,1.0,0.0,1370
case_000073,fsmrepairbench_v0_2,0.2.0,1,wrong_source,1.0,0.0,1387
case_000074,fsmrepairbench_v0_2,0.2.0,1,wrong_source,1.0,0.0,1404
case_000075,fsmrepairbench_v0_2,0.2.0,1,wrong_source,1.0,0.0,1421
case_000076,fsmrepairbench_v0_2,0.2.0,1,wrong_source,1.0,0.0,1438
case_000077,fsmrepairbench_v0_2,0.2.0,1,wrong_source,1.0,0.0,1455
case_000078,fsmrepairbench_v0_2,0.2.0,1,wrong_source,1.0,0.0,1472
case_000079,fsmrepairbench_v0_2,0.2.0,1,wrong_source,1.0,0.0,1489
case_000080,fsmrepairbench_v0_2,0.2.0,1,wrong_source,1.0,0.0,1506
case_000081,fsmrepairbench_v0_2,0.2.0,1,wrong_source,1.0,0.0,1523
case_000082,fsmrepairbench_v0_2,0.2.0,1,wrong_source,1.0,0.0,1540
case_000083,fsmrepairbench_v0_2,0.2.0,1,wrong_source,1.0,0.0,1557
case_000084,fsmrepairbench_v0_2,0.2.0,1,wrong_source,1.0,0.0,1574
case_000085,fsmrepairbench_v0_2,0.2.0,1,wrong_source,1.0,0.0,1591
case_000086,fsmrepairbench_v0_2,0.2.0,1,wrong_source,1.0,0.0,1608
case_000087,fsmrepairbench_v0_2,0.2.0,1,wrong_source,1.0,0.0,1625
case_000088,fsmrepairbench_v0_2,0.2.0,1,wrong_source,1.0,0.0,1642
case_000089,fsmrepairbench_v0_2,0.2.0,1,wrong_source,1.0,0.0,1659
case_000090,fsmrepairbench_v0_2,0.2.0,1,wrong_source,1.0,0.0,1676
case_000091,fsmrepairbench_v0_2,0.2.0,1,wrong_source,1.0,0.0,1693
case_000092,fsmrepairbench_v0_2,0.2.0,1,wrong_source,1.0,0.0,1710
case_000093,fsmrepairbench_v0_2,0.2.0,1,wrong_source,1.0,0.0,1727
case_000094,fsmrepairbench_v0_2,0.2.0,1,wrong_source,1.0,0.0,1744
case_000095,fsmrepairbench_v0_2,0.2.0,1,wrong_source,1.0,0.0,1761
case_000096,fsmrepairbench_v0_2,0.2.0,1,wrong_source,1.0,0.0,1778
case_000097,fsmrepairbench_v0_2,0.2.0,1,wrong_source,1.0,0.0,1795
case_000098,fsmrepairbench_v0_2,0.2.0,1,wrong_source,1.0,0.0,1812
case_000099,fsmrepairbench_v0_2,0.2.0,1,wrong_source,1.0,0.0,1829
case_000100,fsmrepairbench_v0_2,0.2.0,1,wrong_source,1.0,0.0,1846
case_000101,fsmrepairbench_v0_2,0.2.0,2,wrong_event,1.0,0.0,1964
case_000102,fsmrepairbench_v0_2,0.2.0,2,wrong_event,1.0,0.0,1981
case_000103,fsmrepairbench_v0_2,0.2.0,2,wrong_event,1.0,0.0,1998
case_000104,fsmrepairbench_v0_2,0.2.0,2,wrong_event,1.0,0.0,2015
case_000105,fsmrepairbench_v0_2,0.2.0,2,wrong_event,1.0,0.0,2032
case_000106,fsmrepairbench_v0_2,0.2.0,2,wrong_event,1.0,0.0,2049
case_000107,fsmrepairbench_v0_2,0.2.0,2,wrong_event,1.0,0.0,2066
case_000108,fsmrepairbench_v0_2,0.2.0,2,wrong_event,1.0,0.0,2083
case_000109,fsmrepairbench_v0_2,0.2.0,2,wrong_event,1.0,0.0,2100
case_000110,fsmrepairbench_v0_2,0.2.0,2,wrong_event,1.0,0.0,2117
case_000111,fsmrepairbench_v0_2,0.2.0,2,wrong_event,1.0,0.0,2134
case_000112,fsmrepairbench_v0_2,0.2.0,2,wrong_event,1.0,0.0,2151
case_000113,fsmrepairbench_v0_2,0.2.0,2,wrong_event,1.0,0.0,2168
case_000114,fsmrepairbench_v0_2,0.2.0,2,wrong_event,1.0,0.0,2185
case_000115,fsmrepairbench_v0_2,0.2.0,2,wrong_event,1.0,0.0,2202
case_000116,fsmrepairbench_v0_2,0.2.0,2,wrong_event,1.0,0.0,2219
case_000117,fsmrepairbench_v0_2,0.2.0,2,wrong_event,1.0,0.0,2236
case_000118,fsmrepairbench_v0_2,0.2.0,2,wrong_event,1.0,0.0,2253
case_000119,fsmrepairbench_v0_2,0.2.0,2,wrong_event,1.0,0.0,2270
case_000120,fsmrepairbench_v0_2,0.2.0,2,wrong_event,1.0,0.0,2287
case_000121,fsmrepairbench_v0_2,0.2.0,2,wrong_event,1.0,0.0,2304
case_000122,fsmrepairbench_v0_2,0.2.0,2,wrong_event,1.0,0.0,2321
case_000123,fsmrepairbench_v0_2,0.2.0,2,wrong_event,1.0,0.0,2338
case_000124,fsmrepairbench_v0_2,0.2.0,2,wrong_event,1.0,0.0,2355
case_000125,fsmrepairbench_v0_2,0.2.0,2,wrong_event,1.0,0.0,2372
case_000126,fsmrepairbench_v0_2,0.2.0,2,wrong_event,1.0,0.0,2389
case_000127,fsmrepairbench_v0_2,0.2.0,2,wrong_event,1.0,0.0,2406
case_000128,fsmrepairbench_v0_2,0.2.0,2,wrong_event,1.0,0.0,2423
case_000129,fsmrepairbench_v0_2,0.2.0,2,wrong_event,1.0,0.0,2440
case_000130,fsmrepairbench_v0_2,0.2.0,2,wrong_event,1.0,0.0,2457
case_000131,fsmrepairbench_v0_2,0.2.0,2,wrong_event,1.0,0.0,2474
case_000132,fsmrepairbench_v0_2,0.2.0,2,wrong_event,1.0,0.0,2491
case_000133,fsmrepairbench_v0_2,0.2.0,2,wrong_event,1.0,0.0,2508
case_000134,fsmrepairbench_v0_2,0.2.0,2,wrong_event,1.0,0.0,2525
case_000135,fsmrepairbench_v0_2,0.2.0,2,wrong_event,1.0,0.0,2542
case_000136,fsmrepairbench_v0_2,0.2.0,2,wrong_event,1.0,0.0,2559
case_000137,fsmrepairbench_v0_2,0.2.0,2,wrong_event,1.0,0.0,2576
case_000138,fsmrepairbench_v0_2,0.2.0,2,wrong_event,1.0,0.0,2593
case_000139,fsmrepairbench_v0_2,0.2.0,2,wrong_event,1.0,0.0,2610
case_000140,fsmrepairbench_v0_2,0.2.0,2,wrong_event,1.0,0.0,2627
case_000141,fsmrepairbench_v0_2,0.2.0,2,wrong_event,1.0,0.0,2644
case_000142,fsmrepairbench_v0_2,0.2.0,2,wrong_event,1.0,0.0,2661
case_000143,fsmrepairbench_v0_2,0.2.0,2,wrong_event,1.0,0.0,2678
case_000144,fsmrepairbench_v0_2,0.2.0,2,wrong_event,1.0,0.0,2695
case_000145,fsmrepairbench_v0_2,0.2.0,2,wrong_event,1.0,0.0,2712
case_000146,fsmrepairbench_v0_2,0.2.0,2,wrong_event,1.0,0.0,2729
case_000147,fsmrepairbench_v0_2,0.2.0,2,wrong_event,1.0,0.0,2746
case_000148,fsmrepairbench_v0_2,0.2.0,2,wrong_event,1.0,0.0,2763
case_000149,fsmrepairbench_v0_2,0.2.0,2,wrong_event,1.0,0.0,2780
case_000150,fsmrepairbench_v0_2,0.2.0,2,wrong_event,1.0,0.0,2797
case_000151,fsmrepairbench_v0_2,0.2.0,3,wrong_event,1.0,0.0,2915
case_000152,fsmrepairbench_v0_2,0.2.0,3,wrong_event,1.0,0.0,2932
case_000153,fsmrepairbench_v0_2,0.2.0,3,wrong_event,1.0,0.0,2949
case_000154,fsmrepairbench_v0_2,0.2.0,3,wrong_event,1.0,0.0,2966
case_000155,fsmrepairbench_v0_2,0.2.0,3,wrong_event,1.0,0.0,2983
case_000156,fsmrepairbench_v0_2,0.2.0,3,wrong_event,1.0,0.0,3000
case_000157,fsmrepairbench_v0_2,0.2.0,3,wrong_event,1.0,0.0,3017
case_000158,fsmrepairbench_v0_2,0.2.0,3,wrong_event,1.0,0.0,3034
case_000159,fsmrepairbench_v0_2,0.2.0,3,wrong_event,1.0,0.0,3051
case_000160,fsmrepairbench_v0_2,0.2.0,3,wrong_event,1.0,0.0,3068
case_000161,fsmrepairbench_v0_2,0.2.0,3,wrong_event,1.0,0.0,3085
case_000162,fsmrepairbench_v0_2,0.2.0,3,wrong_event,1.0,0.0,3102
case_000163,fsmrepairbench_v0_2,0.2.0,3,wrong_event,1.0,0.0,3119
case_000164,fsmrepairbench_v0_2,0.2.0,3,wrong_event,1.0,0.0,3136
case_000165,fsmrepairbench_v0_2,0.2.0,3,wrong_event,1.0,0.0,3153
case_000166,fsmrepairbench_v0_2,0.2.0,3,wrong_event,1.0,0.0,3170
case_000167,fsmrepairbench_v0_2,0.2.0,3,wrong_event,1.0,0.0,3187
case_000168,fsmrepairbench_v0_2,0.2.0,3,wrong_event,1.0,0.0,3204
case_000169,fsmrepairbench_v0_2,0.2.0,3,wrong_event,1.0,0.0,3221
case_000170,fsmrepairbench_v0_2,0.2.0,3,wrong_event,1.0,0.0,3238
case_000171,fsmrepairbench_v0_2,0.2.0,3,wrong_event,1.0,0.0,3255
case_000172,fsmrepairbench_v0_2,0.2.0,3,wrong_event,1.0,0.0,3272
case_000173,fsmrepairbench_v0_2,0.2.0,3,wrong_event,1.0,0.0,3289
case_000174,fsmrepairbench_v0_2,0.2.0,3,wrong_event,1.0,0.0,3306
case_000175,fsmrepairbench_v0_2,0.2.0,3,wrong_event,1.0,0.0,3323
case_000176,fsmrepairbench_v0_2,0.2.0,3,wrong_event,1.0,0.0,3340
case_000177,fsmrepairbench_v0_2,0.2.0,3,wrong_event,1.0,0.0,3357
case_000178,fsmrepairbench_v0_2,0.2.0,3,wrong_event,1.0,0.0,3374
case_000179,fsmrepairbench_v0_2,0.2.0,3,wrong_event,1.0,0.0,3391
case_000180,fsmrepairbench_v0_2,0.2.0,3,wrong_event,1.0,0.0,3408
case_000181,fsmrepairbench_v0_2,0.2.0,3,wrong_event,1.0,0.0,3425
case_000182,fsmrepairbench_v0_2,0.2.0,3,wrong_event,1.0,0.0,3442
case_000183,fsmrepairbench_v0_2,0.2.0,3,wrong_event,1.0,0.0,3459
case_000184,fsmrepairbench_v0_2,0.2.0,3,wrong_event,1.0,0.0,3476
case_000185,fsmrepairbench_v0_2,0.2.0,3,wrong_event,1.0,0.0,3493
case_000186,fsmrepairbench_v0_2,0.2.0,3,wrong_event,1.0,0.0,3510
case_000187,fsmrepairbench_v0_2,0.2.0,3,wrong_event,1.0,0.0,3527
case_000188,fsmrepairbench_v0_2,0.2.0,3,wrong_event,1.0,0.0,3544
case_000189,fsmrepairbench_v0_2,0.2.0,3,wrong_event,1.0,0.0,3561
case_000190,fsmrepairbench_v0_2,0.2.0,3,wrong_event,1.0,0.0,3578
case_000191,fsmrepairbench_v0_2,0.2.0,3,wrong_event,1.0,0.0,3595
case_000192,fsmrepairbench_v0_2,0.2.0,3,wrong_event,1.0,0.0,3612
case_000193,fsmrepairbench_v0_2,0.2.0,3,wrong_event,1.0,0.0,3629
case_000194,fsmrepairbench_v0_2,0.2.0,3,wrong_event,1.0,0.0,3646
case_000195,fsmrepairbench_v0_2,0.2.0,3,wrong_event,1.0,0.0,3663
case_000196,fsmrepairbench_v0_2,0.2.0,3,wrong_event,1.0,0.0,3680
case_000197,fsmrepairbench_v0_2,0.2.0,3,wrong_event,1.0,0.0,3697
case_000198,fsmrepairbench_v0_2,0.2.0,3,wrong_event,1.0,0.0,3714
case_000199,fsmrepairbench_v0_2,0.2.0,3,wrong_event,1.0,0.0,3731
case_000200,fsmrepairbench_v0_2,0.2.0,3,wrong_event,1.0,0.0,3748
case_000201,fsmrepairbench_v0_2,0.2.0,4,missing_transition,1.0,0.0,3866
case_000202,fsmrepairbench_v0_2,0.2.0,4,missing_transition,1.0,0.0,3883
case_000203,fsmrepairbench_v0_2,0.2.0,4,missing_transition,1.0,0.0,3900
case_000204,fsmrepairbench_v0_2,0.2.0,4,missing_transition,1.0,0.0,3917
case_000205,fsmrepairbench_v0_2,0.2.0,4,missing_transition,1.0,0.0,3934
case_000206,fsmrepairbench_v0_2,0.2.0,4,missing_transition,1.0,0.0,3951
case_000207,fsmrepairbench_v0_2,0.2.0,4,missing_transition,1.0,0.0,3968
case_000208,fsmrepairbench_v0_2,0.2.0,4,missing_transition,1.0,0.0,3985
case_000209,fsmrepairbench_v0_2,0.2.0,4,missing_transition,1.0,0.0,4002
case_000210,fsmrepairbench_v0_2,0.2.0,4,missing_transition,1.0,0.0,4019
case_000211,fsmrepairbench_v0_2,0.2.0,4,missing_transition,1.0,0.0,4036
case_000212,fsmrepairbench_v0_2,0.2.0,4,missing_transition,1.0,0.0,4053
case_000213,fsmrepairbench_v0_2,0.2.0,4,missing_transition,1.0,0.0,4070
case_000214,fsmrepairbench_v0_2,0.2.0,4,missing_transition,1.0,0.0,4087
case_000215,fsmrepairbench_v0_2,0.2.0,4,missing_transition,1.0,0.0,4104
case_000216,fsmrepairbench_v0_2,0.2.0,4,missing_transition,1.0,0.0,4121
case_000217,fsmrepairbench_v0_2,0.2.0,4,missing_transition,1.0,0.0,4138
case_000218,fsmrepairbench_v0_2,0.2.0,4,missing_transition,1.0,0.0,4155
case_000219,fsmrepairbench_v0_2,0.2.0,4,missing_transition,1.0,0.0,4172
case_000220,fsmrepairbench_v0_2,0.2.0,4,missing_transition,1.0,0.0,4189
case_000221,fsmrepairbench_v0_2,0.2.0,4,missing_transition,1.0,0.0,4206
case_000222,fsmrepairbench_v0_2,0.2.0,4,missing_transition,1.0,0.0,4223
case_000223,fsmrepairbench_v0_2,0.2.0,4,missing_transition,1.0,0.0,4240
case_000224,fsmrepairbench_v0_2,0.2.0,4,missing_transition,1.0,0.0,4257
case_000225,fsmrepairbench_v0_2,0.2.0,4,missing_transition,1.0,0.0,4274
case_000226,fsmrepairbench_v0_2,0.2.0,4,missing_transition,1.0,0.0,4291
case_000227,fsmrepairbench_v0_2,0.2.0,4,missing_transition,1.0,0.0,4308
case_000228,fsmrepairbench_v0_2,0.2.0,4,missing_transition,1.0,0.0,4325
case_000229,fsmrepairbench_v0_2,0.2.0,4,missing_transition,1.0,0.0,4342
case_000230,fsmrepairbench_v0_2,0.2.0,4,missing_transition,1.0,0.0,4359
case_000231,fsmrepairbench_v0_2,0.2.0,4,missing_transition,1.0,0.0,4376
case_000232,fsmrepairbench_v0_2,0.2.0,4,missing_transition,1.0,0.0,4393
case_000233,fsmrepairbench_v0_2,0.2.0,4,missing_transition,1.0,0.0,4410
case_000234,fsmrepairbench_v0_2,0.2.0,4,missing_transition,1.0,0.0,4427
case_000235,fsmrepairbench_v0_2,0.2.0,4,missing_transition,1.0,0.0,4444
case_000236,fsmrepairbench_v0_2,0.2.0,4,missing_transition,1.0,0.0,4461
case_000237,fsmrepairbench_v0_2,0.2.0,4,missing_transition,1.0,0.0,4478
case_000238,fsmrepairbench_v0_2,0.2.0,4,missing_transition,1.0,0.0,4495
case_000239,fsmrepairbench_v0_2,0.2.0,4,missing_transition,1.0,0.0,4512
case_000240,fsmrepairbench_v0_2,0.2.0,4,missing_transition,1.0,0.0,4529
case_000241,fsmrepairbench_v0_2,0.2.0,4,missing_transition,1.0,0.0,4546
case_000242,fsmrepairbench_v0_2,0.2.0,4,missing_transition,1.0,0.0,4563
case_000243,fsmrepairbench_v0_2,0.2.0,4,missing_transition,1.0,0.0,4580
case_000244,fsmrepairbench_v0_2,0.2.0,4,missing_transition,1.0,0.0,4597
case_000245,fsmrepairbench_v0_2,0.2.0,4,missing_transition,1.0,0.0,4614
case_000246,fsmrepairbench_v0_2,0.2.0,4,missing_transition,1.0,0.0,4631
case_000247,fsmrepairbench_v0_2,0.2.0,4,missing_transition,1.0,0.0,4648
case_000248,fsmrepairbench_v0_2,0.2.0,4,missing_transition,1.0,0.0,4665
case_000249,fsmrepairbench_v0_2,0.2.0,4,missing_transition,1.0,0.0,4682
case_000250,fsmrepairbench_v0_2,0.2.0,4,missing_transition,1.0,0.0,4699
case_000251,fsmrepairbench_v0_2,0.2.0,5,action_corruption,1.0,1.0,4817
case_000252,fsmrepairbench_v0_2,0.2.0,5,action_corruption,1.0,1.0,4834
case_000253,fsmrepairbench_v0_2,0.2.0,5,action_corruption,1.0,1.0,4851
case_000254,fsmrepairbench_v0_2,0.2.0,5,action_corruption,1.0,1.0,4868
case_000255,fsmrepairbench_v0_2,0.2.0,5,action_corruption,1.0,1.0,4885
case_000256,fsmrepairbench_v0_2,0.2.0,5,action_corruption,1.0,1.0,4902
case_000257,fsmrepairbench_v0_2,0.2.0,5,action_corruption,1.0,1.0,4919
case_000258,fsmrepairbench_v0_2,0.2.0,5,action_corruption,1.0,1.0,4936
case_000259,fsmrepairbench_v0_2,0.2.0,5,action_corruption,1.0,1.0,4953
case_000260,fsmrepairbench_v0_2,0.2.0,5,action_corruption,1.0,1.0,4970
case_000261,fsmrepairbench_v0_2,0.2.0,5,action_corruption,1.0,1.0,4987
case_000262,fsmrepairbench_v0_2,0.2.0,5,action_corruption,1.0,1.0,5004
case_000263,fsmrepairbench_v0_2,0.2.0,5,action_corruption,1.0,1.0,5021
case_000264,fsmrepairbench_v0_2,0.2.0,5,action_corruption,1.0,1.0,5038
case_000265,fsmrepairbench_v0_2,0.2.0,5,action_corruption,1.0,1.0,5055
case_000266,fsmrepairbench_v0_2,0.2.0,5,action_corruption,1.0,1.0,5072
case_000267,fsmrepairbench_v0_2,0.2.0,5,action_corruption,1.0,1.0,5089
case_000268,fsmrepairbench_v0_2,0.2.0,5,action_corruption,1.0,1.0,5106
case_000269,fsmrepairbench_v0_2,0.2.0,5,action_corruption,1.0,1.0,5123
case_000270,fsmrepairbench_v0_2,0.2.0,5,action_corruption,1.0,1.0,5140
case_000271,fsmrepairbench_v0_2,0.2.0,5,action_corruption,1.0,1.0,5157
case_000272,fsmrepairbench_v0_2,0.2.0,5,action_corruption,1.0,1.0,5174
case_000273,fsmrepairbench_v0_2,0.2.0,5,action_corruption,1.0,1.0,5191
case_000274,fsmrepairbench_v0_2,0.2.0,5,action_corruption,1.0,1.0,5208
case_000275,fsmrepairbench_v0_2,0.2.0,5,action_corruption,1.0,1.0,5225
case_000276,fsmrepairbench_v0_2,0.2.0,5,action_corruption,1.0,1.0,5242
case_000277,fsmrepairbench_v0_2,0.2.0,5,action_corruption,1.0,1.0,5259
case_000278,fsmrepairbench_v0_2,0.2.0,5,action_corruption,1.0,1.0,5276
case_000279,fsmrepairbench_v0_2,0.2.0,5,action_corruption,1.0,1.0,5293
case_000280,fsmrepairbench_v0_2,0.2.0,5,action_corruption,1.0,1.0,5310
case_000281,fsmrepairbench_v0_2,0.2.0,5,action_corruption,1.0,1.0,5327
case_000282,fsmrepairbench_v0_2,0.2.0,5,action_corruption,1.0,1.0,5344
case_000283,fsmrepairbench_v0_2,0.2.0,5,action_corruption,1.0,1.0,5361
case_000284,fsmrepairbench_v0_2,0.2.0,5,action_corruption,1.0,1.0,5378
case_000285,fsmrepairbench_v0_2,0.2.0,5,action_corruption,1.0,1.0,5395
case_000286,fsmrepairbench_v0_2,0.2.0,5,action_corruption,1.0,1.0,5412
case_000287,fsmrepairbench_v0_2,0.2.0,5,action_corruption,1.0,1.0,5429
case_000288,fsmrepairbench_v0_2,0.2.0,5,action_corruption,1.0,1.0,5446
case_000289,fsmrepairbench_v0_2,0.2.0,5,action_corruption,1.0,1.0,5463
case_000290,fsmrepairbench_v0_2,0.2.0,5,action_corruption,1.0,1.0,5480
case_000291,fsmrepairbench_v0_2,0.2.0,5,action_corruption,1.0,1.0,5497
case_000292,fsmrepairbench_v0_2,0.2.0,5,action_corruption,1.0,1.0,5514
case_000293,fsmrepairbench_v0_2,0.2.0,5,action_corruption,1.0,1.0,5531
case_000294,fsmrepairbench_v0_2,0.2.0,5,action_corruption,1.0,1.0,5548
case_000295,fsmrepairbench_v0_2,0.2.0,5,action_corruption,1.0,1.0,5565
case_000296,fsmrepairbench_v0_2,0.2.0,5,action_corruption,1.0,1.0,5582
case_000297,fsmrepairbench_v0_2,0.2.0,5,action_corruption,1.0,1.0,5599
case_000298,fsmrepairbench_v0_2,0.2.0,5,action_corruption,1.0,1.0,5616
case_000299,fsmrepairbench_v0_2,0.2.0,5,action_corruption,1.0,1.0,5633
case_000300,fsmrepairbench_v0_2,0.2.0,5,action_corruption,1.0,1.0,5650
case_000301,fsmrepairbench_v0_2,0.2.0,6,guard_flip,1.0,0.875,5768
case_000302,fsmrepairbench_v0_2,0.2.0,6,guard_flip,1.0,0.25,5785
case_000303,fsmrepairbench_v0_2,0.2.0,6,guard_flip,1.0,0.75,5802
case_000304,fsmrepairbench_v0_2,0.2.0,6,guard_flip,1.0,0.0,5819
case_000305,fsmrepairbench_v0_2,0.2.0,6,guard_flip,1.0,0.625,5836
case_000306,fsmrepairbench_v0_2,0.2.0,6,guard_flip,1.0,0.25,5853
case_000307,fsmrepairbench_v0_2,0.2.0,6,guard_flip,1.0,0.625,5870
case_000308,fsmrepairbench_v0_2,0.2.0,6,guard_flip,1.0,0.0,5887
case_000309,fsmrepairbench_v0_2,0.2.0,6,guard_flip,1.0,0.0,5904
case_000310,fsmrepairbench_v0_2,0.2.0,6,guard_flip,1.0,0.8888888888888888,5921
case_000311,fsmrepairbench_v0_2,0.2.0,6,guard_flip,1.0,0.0,5938
case_000312,fsmrepairbench_v0_2,0.2.0,6,guard_flip,1.0,0.875,5955
case_000313,fsmrepairbench_v0_2,0.2.0,6,guard_flip,1.0,0.0,5972
case_000314,fsmrepairbench_v0_2,0.2.0,6,guard_flip,1.0,0.0,5989
case_000315,fsmrepairbench_v0_2,0.2.0,6,guard_flip,1.0,0.0,6006
case_000316,fsmrepairbench_v0_2,0.2.0,6,guard_flip,1.0,0.75,6023
case_000317,fsmrepairbench_v0_2,0.2.0,6,guard_flip,1.0,0.25,6040
case_000318,fsmrepairbench_v0_2,0.2.0,6,guard_flip,1.0,0.0,6057
case_000319,fsmrepairbench_v0_2,0.2.0,6,guard_flip,1.0,0.8888888888888888,6074
case_000320,fsmrepairbench_v0_2,0.2.0,6,guard_flip,1.0,0.0,6091
case_000321,fsmrepairbench_v0_2,0.2.0,6,guard_flip,1.0,0.8888888888888888,6108
case_000322,fsmrepairbench_v0_2,0.2.0,6,guard_flip,1.0,0.875,6125
case_000323,fsmrepairbench_v0_2,0.2.0,6,guard_flip,1.0,0.75,6142
case_000324,fsmrepairbench_v0_2,0.2.0,6,guard_flip,1.0,0.0,6159
case_000325,fsmrepairbench_v0_2,0.2.0,6,guard_flip,1.0,0.1111111111111111,6176
case_000326,fsmrepairbench_v0_2,0.2.0,6,guard_flip,1.0,0.0,6193
case_000327,fsmrepairbench_v0_2,0.2.0,6,guard_flip,1.0,0.0,6210
case_000328,fsmrepairbench_v0_2,0.2.0,6,guard_flip,1.0,0.75,6227
case_000329,fsmrepairbench_v0_2,0.2.0,6,guard_flip,1.0,0.75,6244
case_000330,fsmrepairbench_v0_2,0.2.0,6,guard_flip,1.0,0.375,6261
case_000331,fsmrepairbench_v0_2,0.2.0,6,guard_flip,1.0,0.8888888888888888,6278
case_000332,fsmrepairbench_v0_2,0.2.0,6,guard_flip,1.0,0.25,6295
case_000333,fsmrepairbench_v0_2,0.2.0,6,guard_flip,1.0,0.0,6312
case_000334,fsmrepairbench_v0_2,0.2.0,6,guard_flip,1.0,0.8888888888888888,6329
case_000335,fsmrepairbench_v0_2,0.2.0,6,guard_flip,1.0,0.0,6346
case_000336,fsmrepairbench_v0_2,0.2.0,6,guard_flip,1.0,0.0,6363
case_000337,fsmrepairbench_v0_2,0.2.0,6,guard_flip,1.0,0.0,6380
case_000338,fsmrepairbench_v0_2,0.2.0,6,guard_flip,1.0,0.0,6397
case_000339,fsmrepairbench_v0_2,0.2.0,6,guard_flip,1.0,0.25,6414
case_000340,fsmrepairbench_v0_2,0.2.0,6,guard_flip,1.0,0.375,6431
case_000341,fsmrepairbench_v0_2,0.2.0,6,guard_flip,1.0,0.25,6448
case_000342,fsmrepairbench_v0_2,0.2.0,6,guard_flip,1.0,0.625,6465
case_000343,fsmrepairbench_v0_2,0.2.0,6,guard_flip,1.0,0.75,6482
case_000344,fsmrepairbench_v0_2,0.2.0,6,guard_flip,1.0,0.25,6499
case_000345,fsmrepairbench_v0_2,0.2.0,6,guard_flip,1.0,0.875,6516
case_000346,fsmrepairbench_v0_2,0.2.0,6,guard_flip,1.0,0.875,6533
case_000347,fsmrepairbench_v0_2,0.2.0,6,guard_flip,1.0,0.625,6550
case_000348,fsmrepairbench_v0_2,0.2.0,6,guard_flip,1.0,0.0,6567
case_000349,fsmrepairbench_v0_2,0.2.0,6,guard_flip,1.0,0.6666666666666666,6584
case_000350,fsmrepairbench_v0_2,0.2.0,6,guard_flip,1.0,0.75,6601
case_000351,fsmrepairbench_v0_2,0.2.0,7,nondeterminism_intro,1.0,1.0,6719
case_000352,fsmrepairbench_v0_2,0.2.0,7,nondeterminism_intro,1.0,1.0,6736
case_000353,fsmrepairbench_v0_2,0.2.0,7,nondeterminism_intro,1.0,1.0,6753
case_000354,fsmrepairbench_v0_2,0.2.0,7,nondeterminism_intro,1.0,1.0,6770
case_000355,fsmrepairbench_v0_2,0.2.0,7,nondeterminism_intro,1.0,1.0,6787
case_000356,fsmrepairbench_v0_2,0.2.0,7,nondeterminism_intro,1.0,1.0,6804
case_000357,fsmrepairbench_v0_2,0.2.0,7,nondeterminism_intro,1.0,1.0,6821
case_000358,fsmrepairbench_v0_2,0.2.0,7,nondeterminism_intro,1.0,1.0,6838
case_000359,fsmrepairbench_v0_2,0.2.0,7,nondeterminism_intro,1.0,1.0,6855
case_000360,fsmrepairbench_v0_2,0.2.0,7,nondeterminism_intro,1.0,1.0,6872
case_000361,fsmrepairbench_v0_2,0.2.0,7,nondeterminism_intro,1.0,1.0,6889
case_000362,fsmrepairbench_v0_2,0.2.0,7,nondeterminism_intro,1.0,1.0,6906
case_000363,fsmrepairbench_v0_2,0.2.0,7,nondeterminism_intro,1.0,1.0,6923
case_000364,fsmrepairbench_v0_2,0.2.0,7,nondeterminism_intro,1.0,1.0,6940
case_000365,fsmrepairbench_v0_2,0.2.0,7,nondeterminism_intro,1.0,1.0,6957
case_000366,fsmrepairbench_v0_2,0.2.0,7,nondeterminism_intro,1.0,1.0,6974
case_000367,fsmrepairbench_v0_2,0.2.0,7,nondeterminism_intro,1.0,1.0,6991
case_000368,fsmrepairbench_v0_2,0.2.0,7,nondeterminism_intro,1.0,1.0,7008
case_000369,fsmrepairbench_v0_2,0.2.0,7,nondeterminism_intro,1.0,1.0,7025
case_000370,fsmrepairbench_v0_2,0.2.0,7,nondeterminism_intro,1.0,1.0,7042
case_000371,fsmrepairbench_v0_2,0.2.0,7,nondeterminism_intro,1.0,1.0,7059
case_000372,fsmrepairbench_v0_2,0.2.0,7,nondeterminism_intro,1.0,1.0,7076
case_000373,fsmrepairbench_v0_2,0.2.0,7,nondeterminism_intro,1.0,1.0,7093
case_000374,fsmrepairbench_v0_2,0.2.0,7,nondeterminism_intro,1.0,1.0,7110
case_000375,fsmrepairbench_v0_2,0.2.0,7,nondeterminism_intro,1.0,1.0,7127
case_000376,fsmrepairbench_v0_2,0.2.0,7,nondeterminism_intro,1.0,1.0,7144
case_000377,fsmrepairbench_v0_2,0.2.0,7,nondeterminism_intro,1.0,1.0,7161
case_000378,fsmrepairbench_v0_2,0.2.0,7,nondeterminism_intro,1.0,1.0,7178
case_000379,fsmrepairbench_v0_2,0.2.0,7,nondeterminism_intro,1.0,1.0,7195
case_000380,fsmrepairbench_v0_2,0.2.0,7,nondeterminism_intro,1.0,1.0,7212
case_000381,fsmrepairbench_v0_2,0.2.0,7,nondeterminism_intro,1.0,1.0,7229
case_000382,fsmrepairbench_v0_2,0.2.0,7,nondeterminism_intro,1.0,1.0,7246
case_000383,fsmrepairbench_v0_2,0.2.0,7,nondeterminism_intro,1.0,1.0,7263
case_000384,fsmrepairbench_v0_2,0.2.0,7,nondeterminism_intro,1.0,1.0,7280
case_000385,fsmrepairbench_v0_2,0.2.0,7,nondeterminism_intro,1.0,1.0,7297
case_000386,fsmrepairbench_v0_2,0.2.0,7,nondeterminism_intro,1.0,1.0,7314
case_000387,fsmrepairbench_v0_2,0.2.0,7,nondeterminism_intro,1.0,1.0,7331
case_000388,fsmrepairbench_v0_2,0.2.0,7,nondeterminism_intro,1.0,1.0,7348
case_000389,fsmrepairbench_v0_2,0.2.0,7,nondeterminism_intro,1.0,1.0,7365
case_000390,fsmrepairbench_v0_2,0.2.0,7,nondeterminism_intro,1.0,1.0,7382
case_000391,fsmrepairbench_v0_2,0.2.0,7,nondeterminism_intro,1.0,1.0,7399
case_000392,fsmrepairbench_v0_2,0.2.0,7,nondeterminism_intro,1.0,1.0,7416
case_000393,fsmrepairbench_v0_2,0.2.0,7,nondeterminism_intro,1.0,1.0,7433
case_000394,fsmrepairbench_v0_2,0.2.0,7,nondeterminism_intro,1.0,1.0,7450
case_000395,fsmrepairbench_v0_2,0.2.0,7,nondeterminism_intro,1.0,1.0,7467
case_000396,fsmrepairbench_v0_2,0.2.0,7,nondeterminism_intro,1.0,1.0,7484
case_000397,fsmrepairbench_v0_2,0.2.0,7,nondeterminism_intro,1.0,1.0,7501
case_000398,fsmrepairbench_v0_2,0.2.0,7,nondeterminism_intro,1.0,1.0,7518
case_000399,fsmrepairbench_v0_2,0.2.0,7,nondeterminism_intro,1.0,1.0,7535
case_000400,fsmrepairbench_v0_2,0.2.0,7,nondeterminism_intro,1.0,1.0,7552
case_000401,fsmrepairbench_v0_2,0.2.0,8,wrong_initial_state,1.0,0.0,7670
case_000402,fsmrepairbench_v0_2,0.2.0,8,wrong_initial_state,1.0,0.0,7687
case_000403,fsmrepairbench_v0_2,0.2.0,8,wrong_initial_state,1.0,0.0,7704
case_000404,fsmrepairbench_v0_2,0.2.0,8,wrong_initial_state,1.0,0.0,7721
case_000405,fsmrepairbench_v0_2,0.2.0,8,wrong_initial_state,1.0,0.0,7738
case_000406,fsmrepairbench_v0_2,0.2.0,8,wrong_initial_state,1.0,0.0,7755
case_000407,fsmrepairbench_v0_2,0.2.0,8,wrong_initial_state,1.0,0.0,7772
case_000408,fsmrepairbench_v0_2,0.2.0,8,wrong_initial_state,1.0,0.0,7789
case_000409,fsmrepairbench_v0_2,0.2.0,8,wrong_initial_state,1.0,0.0,7806
case_000410,fsmrepairbench_v0_2,0.2.0,8,wrong_initial_state,1.0,0.0,7823
case_000411,fsmrepairbench_v0_2,0.2.0,8,wrong_initial_state,1.0,0.0,7840
case_000412,fsmrepairbench_v0_2,0.2.0,8,wrong_initial_state,1.0,0.0,7857
case_000413,fsmrepairbench_v0_2,0.2.0,8,wrong_initial_state,1.0,0.0,7874
case_000414,fsmrepairbench_v0_2,0.2.0,8,wrong_initial_state,1.0,0.0,7891
case_000415,fsmrepairbench_v0_2,0.2.0,8,wrong_initial_state,1.0,0.0,7908
case_000416,fsmrepairbench_v0_2,0.2.0,8,wrong_initial_state,1.0,0.0,7925
case_000417,fsmrepairbench_v0_2,0.2.0,8,wrong_initial_state,1.0,0.0,7942
case_000418,fsmrepairbench_v0_2,0.2.0,8,wrong_initial_state,1.0,0.0,7959
case_000419,fsmrepairbench_v0_2,0.2.0,8,wrong_initial_state,1.0,0.0,7976
case_000420,fsmrepairbench_v0_2,0.2.0,8,wrong_initial_state,1.0,0.0,7993
case_000421,fsmrepairbench_v0_2,0.2.0,8,wrong_initial_state,1.0,0.0,8010
case_000422,fsmrepairbench_v0_2,0.2.0,8,wrong_initial_state,1.0,0.0,8027
case_000423,fsmrepairbench_v0_2,0.2.0,8,wrong_initial_state,1.0,0.0,8044
case_000424,fsmrepairbench_v0_2,0.2.0,8,wrong_initial_state,1.0,0.0,8061
case_000425,fsmrepairbench_v0_2,0.2.0,8,wrong_initial_state,1.0,0.0,8078
case_000426,fsmrepairbench_v0_2,0.2.0,8,wrong_initial_state,1.0,0.0,8095
case_000427,fsmrepairbench_v0_2,0.2.0,8,wrong_initial_state,1.0,0.0,8112
case_000428,fsmrepairbench_v0_2,0.2.0,8,wrong_initial_state,1.0,0.0,8129
case_000429,fsmrepairbench_v0_2,0.2.0,8,wrong_initial_state,1.0,0.0,8146
case_000430,fsmrepairbench_v0_2,0.2.0,8,wrong_initial_state,1.0,0.0,8163
case_000431,fsmrepairbench_v0_2,0.2.0,8,wrong_initial_state,1.0,0.0,8180
case_000432,fsmrepairbench_v0_2,0.2.0,8,wrong_initial_state,1.0,0.0,8197
case_000433,fsmrepairbench_v0_2,0.2.0,8,wrong_initial_state,1.0,0.0,8214
case_000434,fsmrepairbench_v0_2,0.2.0,8,wrong_initial_state,1.0,0.0,8231
case_000435,fsmrepairbench_v0_2,0.2.0,8,wrong_initial_state,1.0,0.0,8248
case_000436,fsmrepairbench_v0_2,0.2.0,8,wrong_initial_state,1.0,0.0,8265
case_000437,fsmrepairbench_v0_2,0.2.0,8,wrong_initial_state,1.0,0.0,8282
case_000438,fsmrepairbench_v0_2,0.2.0,8,wrong_initial_state,1.0,0.0,8299
case_000439,fsmrepairbench_v0_2,0.2.0,8,wrong_initial_state,1.0,0.0,8316
case_000440,fsmrepairbench_v0_2,0.2.0,8,wrong_initial_state,1.0,0.0,8333
case_000441,fsmrepairbench_v0_2,0.2.0,8,wrong_initial_state,1.0,0.0,8350
case_000442,fsmrepairbench_v0_2,0.2.0,8,wrong_initial_state,1.0,0.0,8367
case_000443,fsmrepairbench_v0_2,0.2.0,8,wrong_initial_state,1.0,0.0,8384
case_000444,fsmrepairbench_v0_2,0.2.0,8,wrong_initial_state,1.0,0.0,8401
case_000445,fsmrepairbench_v0_2,0.2.0,8,wrong_initial_state,1.0,0.0,8418
case_000446,fsmrepairbench_v0_2,0.2.0,8,wrong_initial_state,1.0,0.0,8435
case_000447,fsmrepairbench_v0_2,0.2.0,8,wrong_initial_state,1.0,0.0,8452
case_000448,fsmrepairbench_v0_2,0.2.0,8,wrong_initial_state,1.0,0.0,8469
case_000449,fsmrepairbench_v0_2,0.2.0,8,wrong_initial_state,1.0,0.0,8486
case_000450,fsmrepairbench_v0_2,0.2.0,8,wrong_initial_state,1.0,0.0,8503
case_000451,fsmrepairbench_v0_2,0.2.0,9,dead_state_intro,1.0,1.0,8621
case_000452,fsmrepairbench_v0_2,0.2.0,9,dead_state_intro,1.0,1.0,8638
case_000453,fsmrepairbench_v0_2,0.2.0,9,dead_state_intro,1.0,1.0,8655
case_000454,fsmrepairbench_v0_2,0.2.0,9,dead_state_intro,1.0,1.0,8672
case_000455,fsmrepairbench_v0_2,0.2.0,9,dead_state_intro,1.0,1.0,8689
case_000456,fsmrepairbench_v0_2,0.2.0,9,dead_state_intro,1.0,1.0,8706
case_000457,fsmrepairbench_v0_2,0.2.0,9,dead_state_intro,1.0,1.0,8723
case_000458,fsmrepairbench_v0_2,0.2.0,9,dead_state_intro,1.0,1.0,8740
case_000459,fsmrepairbench_v0_2,0.2.0,9,dead_state_intro,1.0,1.0,8757
case_000460,fsmrepairbench_v0_2,0.2.0,9,dead_state_intro,1.0,1.0,8774
case_000461,fsmrepairbench_v0_2,0.2.0,9,dead_state_intro,1.0,1.0,8791
case_000462,fsmrepairbench_v0_2,0.2.0,9,dead_state_intro,1.0,1.0,8808
case_000463,fsmrepairbench_v0_2,0.2.0,9,dead_state_intro,1.0,1.0,8825
case_000464,fsmrepairbench_v0_2,0.2.0,9,dead_state_intro,1.0,1.0,8842
case_000465,fsmrepairbench_v0_2,0.2.0,9,dead_state_intro,1.0,1.0,8859
case_000466,fsmrepairbench_v0_2,0.2.0,9,dead_state_intro,1.0,1.0,8876
case_000467,fsmrepairbench_v0_2,0.2.0,9,dead_state_intro,1.0,1.0,8893
case_000468,fsmrepairbench_v0_2,0.2.0,9,dead_state_intro,1.0,1.0,8910
case_000469,fsmrepairbench_v0_2,0.2.0,9,dead_state_intro,1.0,1.0,8927
case_000470,fsmrepairbench_v0_2,0.2.0,9,dead_state_intro,1.0,1.0,8944
case_000471,fsmrepairbench_v0_2,0.2.0,9,dead_state_intro,1.0,1.0,8961
case_000472,fsmrepairbench_v0_2,0.2.0,9,dead_state_intro,1.0,1.0,8978
case_000473,fsmrepairbench_v0_2,0.2.0,9,dead_state_intro,1.0,1.0,8995
case_000474,fsmrepairbench_v0_2,0.2.0,9,dead_state_intro,1.0,1.0,9012
case_000475,fsmrepairbench_v0_2,0.2.0,9,dead_state_intro,1.0,1.0,9029
case_000476,fsmrepairbench_v0_2,0.2.0,9,dead_state_intro,1.0,1.0,9046
case_000477,fsmrepairbench_v0_2,0.2.0,9,dead_state_intro,1.0,1.0,9063
case_000478,fsmrepairbench_v0_2,0.2.0,9,dead_state_intro,1.0,1.0,9080
case_000479,fsmrepairbench_v0_2,0.2.0,9,dead_state_intro,1.0,1.0,9097
case_000480,fsmrepairbench_v0_2,0.2.0,9,dead_state_intro,1.0,1.0,9114
case_000481,fsmrepairbench_v0_2,0.2.0,9,dead_state_intro,1.0,1.0,9131
case_000482,fsmrepairbench_v0_2,0.2.0,9,dead_state_intro,1.0,1.0,9148
case_000483,fsmrepairbench_v0_2,0.2.0,9,dead_state_intro,1.0,1.0,9165
case_000484,fsmrepairbench_v0_2,0.2.0,9,dead_state_intro,1.0,1.0,9182
case_000485,fsmrepairbench_v0_2,0.2.0,9,dead_state_intro,1.0,1.0,9199
case_000486,fsmrepairbench_v0_2,0.2.0,9,dead_state_intro,1.0,1.0,9216
case_000487,fsmrepairbench_v0_2,0.2.0,9,dead_state_intro,1.0,1.0,9233
case_000488,fsmrepairbench_v0_2,0.2.0,9,dead_state_intro,1.0,1.0,9250
case_000489,fsmrepairbench_v0_2,0.2.0,9,dead_state_intro,1.0,1.0,9267
case_000490,fsmrepairbench_v0_2,0.2.0,9,dead_state_intro,1.0,1.0,9284
case_000491,fsmrepairbench_v0_2,0.2.0,9,dead_state_intro,1.0,1.0,9301
case_000492,fsmrepairbench_v0_2,0.2.0,9,dead_state_intro,1.0,1.0,9318
case_000493,fsmrepairbench_v0_2,0.2.0,9,dead_state_intro,1.0,1.0,9335
case_000494,fsmrepairbench_v0_2,0.2.0,9,dead_state_intro,1.0,1.0,9352
case_000495,fsmrepairbench_v0_2,0.2.0,9,dead_state_intro,1.0,1.0,9369
case_000496,fsmrepairbench_v0_2,0.2.0,9,dead_state_intro,1.0,1.0,9386
case_000497,fsmrepairbench_v0_2,0.2.0,9,dead_state_intro,1.0,1.0,9403
case_000498,fsmrepairbench_v0_2,0.2.0,9,dead_state_intro,1.0,1.0,9420
case_000499,fsmrepairbench_v0_2,0.2.0,9,dead_state_intro,1.0,1.0,9437
case_000500,fsmrepairbench_v0_2,0.2.0,9,dead_state_intro,1.0,1.0,9454
case_000501,fsmrepairbench_v0_2,0.2.0,10,wrong_target,1.0,0.0,9572
case_000502,fsmrepairbench_v0_2,0.2.0,10,wrong_target,1.0,0.0,9589
case_000503,fsmrepairbench_v0_2,0.2.0,10,wrong_target,1.0,0.0,9606
case_000504,fsmrepairbench_v0_2,0.2.0,10,wrong_target,1.0,0.0,9623
case_000505,fsmrepairbench_v0_2,0.2.0,10,wrong_target,1.0,0.0,9640
case_000506,fsmrepairbench_v0_2,0.2.0,10,wrong_target,1.0,0.0,9657
case_000507,fsmrepairbench_v0_2,0.2.0,10,wrong_target,1.0,0.0,9674
case_000508,fsmrepairbench_v0_2,0.2.0,10,wrong_target,1.0,0.0,9691
case_000509,fsmrepairbench_v0_2,0.2.0,10,wrong_target,1.0,0.0,9708
case_000510,fsmrepairbench_v0_2,0.2.0,10,wrong_target,1.0,0.0,9725
case_000511,fsmrepairbench_v0_2,0.2.0,10,wrong_target,1.0,0.0,9742
case_000512,fsmrepairbench_v0_2,0.2.0,10,wrong_target,1.0,0.0,9759
case_000513,fsmrepairbench_v0_2,0.2.0,10,wrong_target,1.0,0.0,9776
case_000514,fsmrepairbench_v0_2,0.2.0,10,wrong_target,1.0,0.0,9793
case_000515,fsmrepairbench_v0_2,0.2.0,10,wrong_target,1.0,0.0,9810
case_000516,fsmrepairbench_v0_2,0.2.0,10,wrong_target,1.0,0.0,9827
case_000517,fsmrepairbench_v0_2,0.2.0,10,wrong_target,1.0,0.0,9844
case_000518,fsmrepairbench_v0_2,0.2.0,10,wrong_target,1.0,0.0,9861
case_000519,fsmrepairbench_v0_2,0.2.0,10,wrong_target,1.0,0.0,9878
case_000520,fsmrepairbench_v0_2,0.2.0,10,wrong_target,1.0,0.0,9895
case_000521,fsmrepairbench_v0_2,0.2.0,10,wrong_target,1.0,0.0,9912
case_000522,fsmrepairbench_v0_2,0.2.0,10,wrong_target,1.0,0.0,9929
case_000523,fsmrepairbench_v0_2,0.2.0,10,wrong_target,1.0,0.0,9946
case_000524,fsmrepairbench_v0_2,0.2.0,10,wrong_target,1.0,0.0,9963
case_000525,fsmrepairbench_v0_2,0.2.0,10,wrong_target,1.0,0.0,9980
case_000526,fsmrepairbench_v0_2,0.2.0,10,wrong_target,1.0,0.0,9997
case_000527,fsmrepairbench_v0_2,0.2.0,10,wrong_target,1.0,0.0,10014
case_000528,fsmrepairbench_v0_2,0.2.0,10,wrong_target,1.0,0.0,10031
case_000529,fsmrepairbench_v0_2,0.2.0,10,wrong_target,1.0,0.0,10048
case_000530,fsmrepairbench_v0_2,0.2.0,10,wrong_target,1.0,0.0,10065
case_000531,fsmrepairbench_v0_2,0.2.0,10,wrong_target,1.0,0.0,10082
case_000532,fsmrepairbench_v0_2,0.2.0,10,wrong_target,1.0,0.0,10099
case_000533,fsmrepairbench_v0_2,0.2.0,10,wrong_target,1.0,0.0,10116
case_000534,fsmrepairbench_v0_2,0.2.0,10,wrong_target,1.0,0.0,10133
case_000535,fsmrepairbench_v0_2,0.2.0,10,wrong_target,1.0,0.0,10150
case_000536,fsmrepairbench_v0_2,0.2.0,10,wrong_target,1.0,0.0,10167
case_000537,fsmrepairbench_v0_2,0.2.0,10,wrong_target,1.0,0.0,10184
case_000538,fsmrepairbench_v0_2,0.2.0,10,wrong_target,1.0,0.0,10201
case_000539,fsmrepairbench_v0_2,0.2.0,10,wrong_target,1.0,0.0,10218
case_000540,fsmrepairbench_v0_2,0.2.0,10,wrong_target,1.0,0.0,10235
case_000541,fsmrepairbench_v0_2,0.2.0,10,wrong_target,1.0,0.0,10252
case_000542,fsmrepairbench_v0_2,0.2.0,10,wrong_target,1.0,0.0,10269
case_000543,fsmrepairbench_v0_2,0.2.0,10,wrong_target,1.0,0.0,10286
case_000544,fsmrepairbench_v0_2,0.2.0,10,wrong_target,1.0,0.0,10303
case_000545,fsmrepairbench_v0_2,0.2.0,10,wrong_target,1.0,0.0,10320
case_000546,fsmrepairbench_v0_2,0.2.0,10,wrong_target,1.0,0.0,10337
case_000547,fsmrepairbench_v0_2,0.2.0,10,wrong_target,1.0,0.0,10354
case_000548,fsmrepairbench_v0_2,0.2.0,10,wrong_target,1.0,0.0,10371
case_000549,fsmrepairbench_v0_2,0.2.0,10,wrong_target,1.0,0.0,10388
case_000550,fsmrepairbench_v0_2,0.2.0,10,wrong_target,1.0,0.0,10405
case_000551,fsmrepairbench_v0_2,0.2.0,11,guard_weaken,1.0,0.8333333333333334,10523
case_000552,fsmrepairbench_v0_2,0.2.0,11,guard_weaken,1.0,0.8333333333333334,10540
case_000553,fsmrepairbench_v0_2,0.2.0,11,guard_weaken,1.0,0.8333333333333334,10557
case_000554,fsmrepairbench_v0_2,0.2.0,11,guard_weaken,1.0,0.5,10574
case_000555,fsmrepairbench_v0_2,0.2.0,11,guard_weaken,1.0,0.5,10591
case_000556,fsmrepairbench_v0_2,0.2.0,11,guard_weaken,1.0,0.5,10608
case_000557,fsmrepairbench_v0_2,0.2.0,11,guard_weaken,1.0,0.0,10625
case_000558,fsmrepairbench_v0_2,0.2.0,11,guard_weaken,1.0,0.0,10642
case_000559,fsmrepairbench_v0_2,0.2.0,11,guard_weaken,1.0,0.8333333333333334,10659
case_000560,fsmrepairbench_v0_2,0.2.0,11,guard_weaken,1.0,0.0,10676
case_000561,fsmrepairbench_v0_2,0.2.0,11,guard_weaken,1.0,0.5,10693
case_000562,fsmrepairbench_v0_2,0.2.0,11,guard_weaken,1.0,0.5,10710
case_000563,fsmrepairbench_v0_2,0.2.0,11,guard_weaken,1.0,0.8333333333333334,10727
case_000564,fsmrepairbench_v0_2,0.2.0,11,guard_weaken,1.0,0.8333333333333334,10744
case_000565,fsmrepairbench_v0_2,0.2.0,11,guard_weaken,1.0,0.8333333333333334,10761
case_000566,fsmrepairbench_v0_2,0.2.0,11,guard_weaken,1.0,0.8333333333333334,10778
case_000567,fsmrepairbench_v0_2,0.2.0,11,guard_weaken,1.0,0.5,10795
case_000568,fsmrepairbench_v0_2,0.2.0,11,guard_weaken,1.0,0.8333333333333334,10812
case_000569,fsmrepairbench_v0_2,0.2.0,11,guard_weaken,1.0,0.5,10829
case_000570,fsmrepairbench_v0_2,0.2.0,11,guard_weaken,1.0,0.5,10846
case_000571,fsmrepairbench_v0_2,0.2.0,11,guard_weaken,1.0,0.8333333333333334,10863
case_000572,fsmrepairbench_v0_2,0.2.0,11,guard_weaken,1.0,0.0,10880
case_000573,fsmrepairbench_v0_2,0.2.0,11,guard_weaken,1.0,0.8333333333333334,10897
case_000574,fsmrepairbench_v0_2,0.2.0,11,guard_weaken,1.0,0.5,10914
case_000575,fsmrepairbench_v0_2,0.2.0,11,guard_weaken,1.0,0.0,10931
case_000576,fsmrepairbench_v0_2,0.2.0,11,guard_weaken,1.0,0.5,10948
case_000577,fsmrepairbench_v0_2,0.2.0,11,guard_weaken,1.0,0.8333333333333334,10965
case_000578,fsmrepairbench_v0_2,0.2.0,11,guard_weaken,1.0,0.8333333333333334,10982
case_000579,fsmrepairbench_v0_2,0.2.0,11,guard_weaken,1.0,0.8333333333333334,10999
case_000580,fsmrepairbench_v0_2,0.2.0,11,guard_weaken,1.0,0.8333333333333334,11016
case_000581,fsmrepairbench_v0_2,0.2.0,11,guard_weaken,1.0,0.0,11033
case_000582,fsmrepairbench_v0_2,0.2.0,11,guard_weaken,1.0,0.5,11050
case_000583,fsmrepairbench_v0_2,0.2.0,11,guard_weaken,1.0,0.5,11067
case_000584,fsmrepairbench_v0_2,0.2.0,11,guard_weaken,1.0,0.8333333333333334,11084
case_000585,fsmrepairbench_v0_2,0.2.0,11,guard_weaken,1.0,0.8333333333333334,11101
case_000586,fsmrepairbench_v0_2,0.2.0,11,guard_weaken,1.0,0.8333333333333334,11118
case_000587,fsmrepairbench_v0_2,0.2.0,11,guard_weaken,1.0,0.8333333333333334,11135
case_000588,fsmrepairbench_v0_2,0.2.0,11,guard_weaken,1.0,0.8333333333333334,11152
case_000589,fsmrepairbench_v0_2,0.2.0,11,guard_weaken,1.0,0.5,11169
case_000590,fsmrepairbench_v0_2,0.2.0,11,guard_weaken,1.0,0.8333333333333334,11186
case_000591,fsmrepairbench_v0_2,0.2.0,11,guard_weaken,1.0,0.8333333333333334,11203
case_000592,fsmrepairbench_v0_2,0.2.0,11,guard_weaken,1.0,0.5,11220
case_000593,fsmrepairbench_v0_2,0.2.0,11,guard_weaken,1.0,0.8333333333333334,11237
case_000594,fsmrepairbench_v0_2,0.2.0,11,guard_weaken,1.0,0.8333333333333334,11254
case_000595,fsmrepairbench_v0_2,0.2.0,11,guard_weaken,1.0,0.8333333333333334,11271
case_000596,fsmrepairbench_v0_2,0.2.0,11,guard_weaken,1.0,0.8333333333333334,11288
case_000597,fsmrepairbench_v0_2,0.2.0,11,guard_weaken,1.0,0.5,11305
case_000598,fsmrepairbench_v0_2,0.2.0,11,guard_weaken,1.0,0.0,11322
case_000599,fsmrepairbench_v0_2,0.2.0,11,guard_weaken,1.0,0.5,11339
case_000600,fsmrepairbench_v0_2,0.2.0,11,guard_weaken,1.0,0.0,11356
case_000601,fsmrepairbench_v0_2,0.2.0,12,guard_strengthen,1.0,0.75,11474
case_000602,fsmrepairbench_v0_2,0.2.0,12,guard_strengthen,1.0,0.875,11491
case_000603,fsmrepairbench_v0_2,0.2.0,12,guard_strengthen,1.0,0.8888888888888888,11508
case_000604,fsmrepairbench_v0_2,0.2.0,12,guard_strengthen,1.0,0.25,11525
case_000605,fsmrepairbench_v0_2,0.2.0,12,guard_strengthen,1.0,0.0,11542
case_000606,fsmrepairbench_v0_2,0.2.0,12,guard_strengthen,1.0,0.0,11559
case_000607,fsmrepairbench_v0_2,0.2.0,12,guard_strengthen,1.0,0.25,11576
case_000608,fsmrepairbench_v0_2,0.2.0,12,guard_strengthen,1.0,0.0,11593
case_000609,fsmrepairbench_v0_2,0.2.0,12,guard_strengthen,1.0,0.375,11610
case_000610,fsmrepairbench_v0_2,0.2.0,12,guard_strengthen,1.0,0.1111111111111111,11627
case_000611,fsmrepairbench_v0_2,0.2.0,12,guard_strengthen,1.0,0.75,11644
case_000612,fsmrepairbench_v0_2,0.2.0,12,guard_strengthen,1.0,0.0,11661
case_000613,fsmrepairbench_v0_2,0.2.0,12,guard_strengthen,1.0,0.375,11678
case_000614,fsmrepairbench_v0_2,0.2.0,12,guard_strengthen,1.0,0.75,11695
case_000615,fsmrepairbench_v0_2,0.2.0,12,guard_strengthen,1.0,0.375,11712
case_000616,fsmrepairbench_v0_2,0.2.0,12,guard_strengthen,1.0,0.375,11729
case_000617,fsmrepairbench_v0_2,0.2.0,12,guard_strengthen,1.0,0.0,11746
case_000618,fsmrepairbench_v0_2,0.2.0,12,guard_strengthen,1.0,0.625,11763
case_000619,fsmrepairbench_v0_2,0.2.0,12,guard_strengthen,1.0,0.6666666666666666,11780
case_000620,fsmrepairbench_v0_2,0.2.0,12,guard_strengthen,1.0,0.625,11797
case_000621,fsmrepairbench_v0_2,0.2.0,12,guard_strengthen,1.0,0.0,11814
case_000622,fsmrepairbench_v0_2,0.2.0,12,guard_strengthen,1.0,0.875,11831
case_000623,fsmrepairbench_v0_2,0.2.0,12,guard_strengthen,1.0,0.875,11848
case_000624,fsmrepairbench_v0_2,0.2.0,12,guard_strengthen,1.0,0.8888888888888888,11865
case_000625,fsmrepairbench_v0_2,0.2.0,12,guard_strengthen,1.0,0.0,11882
case_000626,fsmrepairbench_v0_2,0.2.0,12,guard_strengthen,1.0,0.875,11899
case_000627,fsmrepairbench_v0_2,0.2.0,12,guard_strengthen,1.0,0.75,11916
case_000628,fsmrepairbench_v0_2,0.2.0,12,guard_strengthen,1.0,0.25,11933
case_000629,fsmrepairbench_v0_2,0.2.0,12,guard_strengthen,1.0,0.0,11950
case_000630,fsmrepairbench_v0_2,0.2.0,12,guard_strengthen,1.0,0.875,11967
case_000631,fsmrepairbench_v0_2,0.2.0,12,guard_strengthen,1.0,0.8888888888888888,11984
case_000632,fsmrepairbench_v0_2,0.2.0,12,guard_strengthen,1.0,0.875,12001
case_000633,fsmrepairbench_v0_2,0.2.0,12,guard_strengthen,1.0,0.875,12018
case_000634,fsmrepairbench_v0_2,0.2.0,12,guard_strengthen,1.0,0.0,12035
case_000635,fsmrepairbench_v0_2,0.2.0,12,guard_strengthen,1.0,0.0,12052
case_000636,fsmrepairbench_v0_2,0.2.0,12,guard_strengthen,1.0,0.75,12069
case_000637,fsmrepairbench_v0_2,0.2.0,12,guard_strengthen,1.0,0.0,12086
case_000638,fsmrepairbench_v0_2,0.2.0,12,guard_strengthen,1.0,0.75,12103
case_000639,fsmrepairbench_v0_2,0.2.0,12,guard_strengthen,1.0,0.0,12120
case_000640,fsmrepairbench_v0_2,0.2.0,12,guard_strengthen,1.0,0.875,12137
case_000641,fsmrepairbench_v0_2,0.2.0,12,guard_strengthen,1.0,0.8888888888888888,12154
case_000642,fsmrepairbench_v0_2,0.2.0,12,guard_strengthen,1.0,0.75,12171
case_000643,fsmrepairbench_v0_2,0.2.0,12,guard_strengthen,1.0,0.0,12188
case_000644,fsmrepairbench_v0_2,0.2.0,12,guard_strengthen,1.0,0.0,12205
case_000645,fsmrepairbench_v0_2,0.2.0,12,guard_strengthen,1.0,0.75,12222
case_000646,fsmrepairbench_v0_2,0.2.0,12,guard_strengthen,1.0,0.75,12239
case_000647,fsmrepairbench_v0_2,0.2.0,12,guard_strengthen,1.0,0.75,12256
case_000648,fsmrepairbench_v0_2,0.2.0,12,guard_strengthen,1.0,0.75,12273
case_000649,fsmrepairbench_v0_2,0.2.0,12,guard_strengthen,1.0,0.0,12290
case_000650,fsmrepairbench_v0_2,0.2.0,12,guard_strengthen,1.0,0.75,12307
case_000651,fsmrepairbench_v0_2,0.2.0,13,guard_flip,1.0,0.95,12425
case_000652,fsmrepairbench_v0_2,0.2.0,13,guard_flip,1.0,0.55,12442
case_000653,fsmrepairbench_v0_2,0.2.0,13,guard_flip,1.0,0.55,12459
case_000654,fsmrepairbench_v0_2,0.2.0,13,guard_flip,1.0,0.9583333333333334,12476
case_000655,fsmrepairbench_v0_2,0.2.0,13,guard_flip,1.0,0.95,12493
case_000656,fsmrepairbench_v0_2,0.2.0,13,guard_flip,1.0,0.95,12510
case_000657,fsmrepairbench_v0_2,0.2.0,13,guard_flip,1.0,0.95,12527
case_000658,fsmrepairbench_v0_2,0.2.0,13,guard_flip,1.0,0.95,12544
case_000659,fsmrepairbench_v0_2,0.2.0,13,guard_flip,1.0,0.55,12561
case_000660,fsmrepairbench_v0_2,0.2.0,13,guard_flip,1.0,0.95,12578
case_000661,fsmrepairbench_v0_2,0.2.0,13,guard_flip,1.0,0.95,12595
case_000662,fsmrepairbench_v0_2,0.2.0,13,guard_flip,1.0,0.95,12612
case_000663,fsmrepairbench_v0_2,0.2.0,13,guard_flip,1.0,0.9583333333333334,12629
case_000664,fsmrepairbench_v0_2,0.2.0,13,guard_flip,1.0,0.95,12646
case_000665,fsmrepairbench_v0_2,0.2.0,13,guard_flip,1.0,0.95,12663
case_000666,fsmrepairbench_v0_2,0.2.0,13,guard_flip,1.0,0.95,12680
case_000667,fsmrepairbench_v0_2,0.2.0,13,guard_flip,1.0,0.9583333333333334,12697
case_000668,fsmrepairbench_v0_2,0.2.0,13,guard_flip,1.0,0.95,12714
case_000669,fsmrepairbench_v0_2,0.2.0,13,guard_flip,1.0,0.9583333333333334,12731
case_000670,fsmrepairbench_v0_2,0.2.0,13,guard_flip,1.0,0.55,12748
case_000671,fsmrepairbench_v0_2,0.2.0,13,guard_flip,1.0,0.55,12765
case_000672,fsmrepairbench_v0_2,0.2.0,13,guard_flip,1.0,0.95,12782
case_000673,fsmrepairbench_v0_2,0.2.0,13,guard_flip,1.0,0.95,12799
case_000674,fsmrepairbench_v0_2,0.2.0,13,guard_flip,1.0,0.95,12816
case_000675,fsmrepairbench_v0_2,0.2.0,13,guard_flip,1.0,0.9583333333333334,12833
case_000676,fsmrepairbench_v0_2,0.2.0,13,guard_flip,1.0,0.95,12850
case_000677,fsmrepairbench_v0_2,0.2.0,13,guard_flip,1.0,0.95,12867
case_000678,fsmrepairbench_v0_2,0.2.0,13,guard_flip,1.0,0.95,12884
case_000679,fsmrepairbench_v0_2,0.2.0,13,guard_flip,1.0,0.95,12901
case_000680,fsmrepairbench_v0_2,0.2.0,13,guard_flip,1.0,0.95,12918
case_000681,fsmrepairbench_v0_2,0.2.0,13,guard_flip,1.0,0.95,12935
case_000682,fsmrepairbench_v0_2,0.2.0,13,guard_flip,1.0,0.95,12952
case_000683,fsmrepairbench_v0_2,0.2.0,13,guard_flip,1.0,0.95,12969
case_000684,fsmrepairbench_v0_2,0.2.0,13,guard_flip,1.0,0.9583333333333334,12986
case_000685,fsmrepairbench_v0_2,0.2.0,13,guard_flip,1.0,0.95,13003
case_000686,fsmrepairbench_v0_2,0.2.0,13,guard_flip,1.0,0.95,13020
case_000687,fsmrepairbench_v0_2,0.2.0,13,guard_flip,1.0,0.95,13037
case_000688,fsmrepairbench_v0_2,0.2.0,13,guard_flip,1.0,0.95,13054
case_000689,fsmrepairbench_v0_2,0.2.0,13,guard_flip,1.0,0.95,13071
case_000690,fsmrepairbench_v0_2,0.2.0,13,guard_flip,1.0,0.95,13088
case_000691,fsmrepairbench_v0_2,0.2.0,13,guard_flip,1.0,0.9583333333333334,13105
case_000692,fsmrepairbench_v0_2,0.2.0,13,guard_flip,1.0,0.95,13122
case_000693,fsmrepairbench_v0_2,0.2.0,13,guard_flip,1.0,0.95,13139
case_000694,fsmrepairbench_v0_2,0.2.0,13,guard_flip,1.0,0.95,13156
case_000695,fsmrepairbench_v0_2,0.2.0,13,guard_flip,1.0,0.95,13173
case_000696,fsmrepairbench_v0_2,0.2.0,13,guard_flip,1.0,0.95,13190
case_000697,fsmrepairbench_v0_2,0.2.0,13,guard_flip,1.0,0.95,13207
case_000698,fsmrepairbench_v0_2,0.2.0,13,guard_flip,1.0,0.95,13224
case_000699,fsmrepairbench_v0_2,0.2.0,13,guard_flip,1.0,0.55,13241
case_000700,fsmrepairbench_v0_2,0.2.0,13,guard_flip,1.0,0.55,13258
case_000701,fsmrepairbench_v0_2,0.2.0,14,timeout_corruption,1.0,1.0,13376
case_000702,fsmrepairbench_v0_2,0.2.0,14,timeout_corruption,1.0,1.0,13393
case_000703,fsmrepairbench_v0_2,0.2.0,14,timeout_corruption,1.0,1.0,13410
case_000704,fsmrepairbench_v0_2,0.2.0,14,timeout_corruption,1.0,1.0,13427
case_000705,fsmrepairbench_v0_2,0.2.0,14,timeout_corruption,1.0,1.0,13444
case_000706,fsmrepairbench_v0_2,0.2.0,14,timeout_corruption,1.0,1.0,13461
case_000707,fsmrepairbench_v0_2,0.2.0,14,timeout_corruption,1.0,1.0,13478
case_000708,fsmrepairbench_v0_2,0.2.0,14,timeout_corruption,1.0,1.0,13495
case_000709,fsmrepairbench_v0_2,0.2.0,14,timeout_corruption,1.0,1.0,13512
case_000710,fsmrepairbench_v0_2,0.2.0,14,timeout_corruption,1.0,1.0,13529
case_000711,fsmrepairbench_v0_2,0.2.0,14,timeout_corruption,1.0,1.0,13546
case_000712,fsmrepairbench_v0_2,0.2.0,14,timeout_corruption,1.0,1.0,13563
case_000713,fsmrepairbench_v0_2,0.2.0,14,timeout_corruption,1.0,1.0,13580
case_000714,fsmrepairbench_v0_2,0.2.0,14,timeout_corruption,1.0,1.0,13597
case_000715,fsmrepairbench_v0_2,0.2.0,14,timeout_corruption,1.0,1.0,13614
case_000716,fsmrepairbench_v0_2,0.2.0,14,timeout_corruption,1.0,1.0,13631
case_000717,fsmrepairbench_v0_2,0.2.0,14,timeout_corruption,1.0,1.0,13648
case_000718,fsmrepairbench_v0_2,0.2.0,14,timeout_corruption,1.0,1.0,13665
case_000719,fsmrepairbench_v0_2,0.2.0,14,timeout_corruption,1.0,1.0,13682
case_000720,fsmrepairbench_v0_2,0.2.0,14,timeout_corruption,1.0,1.0,13699
case_000721,fsmrepairbench_v0_2,0.2.0,14,timeout_corruption,1.0,1.0,13716
case_000722,fsmrepairbench_v0_2,0.2.0,14,timeout_corruption,1.0,1.0,13733
case_000723,fsmrepairbench_v0_2,0.2.0,14,timeout_corruption,1.0,1.0,13750
case_000724,fsmrepairbench_v0_2,0.2.0,14,timeout_corruption,1.0,1.0,13767
case_000725,fsmrepairbench_v0_2,0.2.0,14,timeout_corruption,1.0,1.0,13784
case_000726,fsmrepairbench_v0_2,0.2.0,14,timeout_corruption,1.0,1.0,13801
case_000727,fsmrepairbench_v0_2,0.2.0,14,timeout_corruption,1.0,1.0,13818
case_000728,fsmrepairbench_v0_2,0.2.0,14,timeout_corruption,1.0,1.0,13835
case_000729,fsmrepairbench_v0_2,0.2.0,14,timeout_corruption,1.0,1.0,13852
case_000730,fsmrepairbench_v0_2,0.2.0,14,timeout_corruption,1.0,1.0,13869
case_000731,fsmrepairbench_v0_2,0.2.0,14,timeout_corruption,1.0,1.0,13886
case_000732,fsmrepairbench_v0_2,0.2.0,14,timeout_corruption,1.0,1.0,13903
case_000733,fsmrepairbench_v0_2,0.2.0,14,timeout_corruption,1.0,1.0,13920
case_000734,fsmrepairbench_v0_2,0.2.0,14,timeout_corruption,1.0,1.0,13937
case_000735,fsmrepairbench_v0_2,0.2.0,14,timeout_corruption,1.0,1.0,13954
case_000736,fsmrepairbench_v0_2,0.2.0,14,timeout_corruption,1.0,1.0,13971
case_000737,fsmrepairbench_v0_2,0.2.0,14,timeout_corruption,1.0,1.0,13988
case_000738,fsmrepairbench_v0_2,0.2.0,14,timeout_corruption,1.0,1.0,14005
case_000739,fsmrepairbench_v0_2,0.2.0,14,timeout_corruption,1.0,1.0,14022
case_000740,fsmrepairbench_v0_2,0.2.0,14,timeout_corruption,1.0,1.0,14039
case_000741,fsmrepairbench_v0_2,0.2.0,14,timeout_corruption,1.0,1.0,14056
case_000742,fsmrepairbench_v0_2,0.2.0,14,timeout_corruption,1.0,1.0,14073
case_000743,fsmrepairbench_v0_2,0.2.0,14,timeout_corruption,1.0,1.0,14090
case_000744,fsmrepairbench_v0_2,0.2.0,14,timeout_corruption,1.0,1.0,14107
case_000745,fsmrepairbench_v0_2,0.2.0,14,timeout_corruption,1.0,1.0,14124
case_000746,fsmrepairbench_v0_2,0.2.0,14,timeout_corruption,1.0,1.0,14141
case_000747,fsmrepairbench_v0_2,0.2.0,14,timeout_corruption,1.0,1.0,14158
case_000748,fsmrepairbench_v0_2,0.2.0,14,timeout_corruption,1.0,1.0,14175
case_000749,fsmrepairbench_v0_2,0.2.0,14,timeout_corruption,1.0,1.0,14192
case_000750,fsmrepairbench_v0_2,0.2.0,14,timeout_corruption,1.0,1.0,14209
case_000751,fsmrepairbench_v0_2,0.2.0,15,delay_corruption,1.0,1.0,14327
case_000752,fsmrepairbench_v0_2,0.2.0,15,delay_corruption,1.0,1.0,14344
case_000753,fsmrepairbench_v0_2,0.2.0,15,delay_corruption,1.0,1.0,14361
case_000754,fsmrepairbench_v0_2,0.2.0,15,delay_corruption,1.0,1.0,14378
case_000755,fsmrepairbench_v0_2,0.2.0,15,delay_corruption,1.0,1.0,14395
case_000756,fsmrepairbench_v0_2,0.2.0,15,delay_corruption,1.0,1.0,14412
case_000757,fsmrepairbench_v0_2,0.2.0,15,delay_corruption,1.0,1.0,14429
case_000758,fsmrepairbench_v0_2,0.2.0,15,delay_corruption,1.0,1.0,14446
case_000759,fsmrepairbench_v0_2,0.2.0,15,delay_corruption,1.0,1.0,14463
case_000760,fsmrepairbench_v0_2,0.2.0,15,delay_corruption,1.0,1.0,14480
case_000761,fsmrepairbench_v0_2,0.2.0,15,delay_corruption,1.0,1.0,14497
case_000762,fsmrepairbench_v0_2,0.2.0,15,delay_corruption,1.0,1.0,14514
case_000763,fsmrepairbench_v0_2,0.2.0,15,delay_corruption,1.0,1.0,14531
case_000764,fsmrepairbench_v0_2,0.2.0,15,delay_corruption,1.0,1.0,14548
case_000765,fsmrepairbench_v0_2,0.2.0,15,delay_corruption,1.0,1.0,14565
case_000766,fsmrepairbench_v0_2,0.2.0,15,delay_corruption,1.0,1.0,14582
case_000767,fsmrepairbench_v0_2,0.2.0,15,delay_corruption,1.0,1.0,14599
case_000768,fsmrepairbench_v0_2,0.2.0,15,delay_corruption,1.0,1.0,14616
case_000769,fsmrepairbench_v0_2,0.2.0,15,delay_corruption,1.0,1.0,14633
case_000770,fsmrepairbench_v0_2,0.2.0,15,delay_corruption,1.0,1.0,14650
case_000771,fsmrepairbench_v0_2,0.2.0,15,delay_corruption,1.0,1.0,14667
case_000772,fsmrepairbench_v0_2,0.2.0,15,delay_corruption,1.0,1.0,14684
case_000773,fsmrepairbench_v0_2,0.2.0,15,delay_corruption,1.0,1.0,14701
case_000774,fsmrepairbench_v0_2,0.2.0,15,delay_corruption,1.0,1.0,14718
case_000775,fsmrepairbench_v0_2,0.2.0,15,delay_corruption,1.0,1.0,14735
case_000776,fsmrepairbench_v0_2,0.2.0,15,delay_corruption,1.0,1.0,14752
case_000777,fsmrepairbench_v0_2,0.2.0,15,delay_corruption,1.0,1.0,14769
case_000778,fsmrepairbench_v0_2,0.2.0,15,delay_corruption,1.0,1.0,14786
case_000779,fsmrepairbench_v0_2,0.2.0,15,delay_corruption,1.0,1.0,14803
case_000780,fsmrepairbench_v0_2,0.2.0,15,delay_corruption,1.0,1.0,14820
case_000781,fsmrepairbench_v0_2,0.2.0,15,delay_corruption,1.0,1.0,14837
case_000782,fsmrepairbench_v0_2,0.2.0,15,delay_corruption,1.0,1.0,14854
case_000783,fsmrepairbench_v0_2,0.2.0,15,delay_corruption,1.0,1.0,14871
case_000784,fsmrepairbench_v0_2,0.2.0,15,delay_corruption,1.0,1.0,14888
case_000785,fsmrepairbench_v0_2,0.2.0,15,delay_corruption,1.0,1.0,14905
case_000786,fsmrepairbench_v0_2,0.2.0,15,delay_corruption,1.0,1.0,14922
case_000787,fsmrepairbench_v0_2,0.2.0,15,delay_corruption,1.0,1.0,14939
case_000788,fsmrepairbench_v0_2,0.2.0,15,delay_corruption,1.0,1.0,14956
case_000789,fsmrepairbench_v0_2,0.2.0,15,delay_corruption,1.0,1.0,14973
case_000790,fsmrepairbench_v0_2,0.2.0,15,delay_corruption,1.0,1.0,14990
case_000791,fsmrepairbench_v0_2,0.2.0,15,delay_corruption,1.0,1.0,15007
case_000792,fsmrepairbench_v0_2,0.2.0,15,delay_corruption,1.0,1.0,15024
case_000793,fsmrepairbench_v0_2,0.2.0,15,delay_corruption,1.0,1.0,15041
case_000794,fsmrepairbench_v0_2,0.2.0,15,delay_corruption,1.0,1.0,15058
case_000795,fsmrepairbench_v0_2,0.2.0,15,delay_corruption,1.0,1.0,15075
case_000796,fsmrepairbench_v0_2,0.2.0,15,delay_corruption,1.0,1.0,15092
case_000797,fsmrepairbench_v0_2,0.2.0,15,delay_corruption,1.0,1.0,15109
case_000798,fsmrepairbench_v0_2,0.2.0,15,delay_corruption,1.0,1.0,15126
case_000799,fsmrepairbench_v0_2,0.2.0,15,delay_corruption,1.0,1.0,15143
case_000800,fsmrepairbench_v0_2,0.2.0,15,delay_corruption,1.0,1.0,15160
case_000801,fsmrepairbench_v0_2,0.2.0,16,wrong_target,1.0,0.95,15278
case_000802,fsmrepairbench_v0_2,0.2.0,16,wrong_target,1.0,0.95,15295
case_000803,fsmrepairbench_v0_2,0.2.0,16,wrong_target,1.0,0.95,15312
case_000804,fsmrepairbench_v0_2,0.2.0,16,wrong_target,1.0,0.95,15329
case_000805,fsmrepairbench_v0_2,0.2.0,16,wrong_target,1.0,0.95,15346
case_000806,fsmrepairbench_v0_2,0.2.0,16,wrong_target,1.0,0.95,15363
case_000807,fsmrepairbench_v0_2,0.2.0,16,wrong_target,1.0,0.9583333333333334,15380
case_000808,fsmrepairbench_v0_2,0.2.0,16,wrong_target,1.0,0.95,15397
case_000809,fsmrepairbench_v0_2,0.2.0,16,wrong_target,1.0,0.95,15414
case_000810,fsmrepairbench_v0_2,0.2.0,16,wrong_target,1.0,0.95,15431
case_000811,fsmrepairbench_v0_2,0.2.0,16,wrong_target,1.0,0.9583333333333334,15448
case_000812,fsmrepairbench_v0_2,0.2.0,16,wrong_target,1.0,0.9583333333333334,15465
case_000813,fsmrepairbench_v0_2,0.2.0,16,wrong_target,1.0,0.55,15482
case_000814,fsmrepairbench_v0_2,0.2.0,16,wrong_target,1.0,0.125,15499
case_000815,fsmrepairbench_v0_2,0.2.0,16,wrong_target,1.0,0.95,15516
case_000816,fsmrepairbench_v0_2,0.2.0,16,wrong_target,1.0,0.95,15533
case_000817,fsmrepairbench_v0_2,0.2.0,16,wrong_target,1.0,0.95,15550
case_000818,fsmrepairbench_v0_2,0.2.0,16,wrong_target,1.0,0.55,15567
case_000819,fsmrepairbench_v0_2,0.2.0,16,wrong_target,1.0,0.95,15584
case_000820,fsmrepairbench_v0_2,0.2.0,16,wrong_target,1.0,0.95,15601
case_000821,fsmrepairbench_v0_2,0.2.0,16,wrong_target,1.0,0.95,15618
case_000822,fsmrepairbench_v0_2,0.2.0,16,wrong_target,1.0,0.95,15635
case_000823,fsmrepairbench_v0_2,0.2.0,16,wrong_target,1.0,0.9583333333333334,15652
case_000824,fsmrepairbench_v0_2,0.2.0,16,wrong_target,1.0,0.95,15669
case_000825,fsmrepairbench_v0_2,0.2.0,16,wrong_target,1.0,0.95,15686
case_000826,fsmrepairbench_v0_2,0.2.0,16,wrong_target,1.0,0.95,15703
case_000827,fsmrepairbench_v0_2,0.2.0,16,wrong_target,1.0,0.95,15720
case_000828,fsmrepairbench_v0_2,0.2.0,16,wrong_target,1.0,0.95,15737
case_000829,fsmrepairbench_v0_2,0.2.0,16,wrong_target,1.0,0.95,15754
case_000830,fsmrepairbench_v0_2,0.2.0,16,wrong_target,1.0,0.95,15771
case_000831,fsmrepairbench_v0_2,0.2.0,16,wrong_target,1.0,0.95,15788
case_000832,fsmrepairbench_v0_2,0.2.0,16,wrong_target,1.0,0.95,15805
case_000833,fsmrepairbench_v0_2,0.2.0,16,wrong_target,1.0,0.95,15822
case_000834,fsmrepairbench_v0_2,0.2.0,16,wrong_target,1.0,0.55,15839
case_000835,fsmrepairbench_v0_2,0.2.0,16,wrong_target,1.0,0.95,15856
case_000836,fsmrepairbench_v0_2,0.2.0,16,wrong_target,1.0,0.9583333333333334,15873
case_000837,fsmrepairbench_v0_2,0.2.0,16,wrong_target,1.0,0.95,15890
case_000838,fsmrepairbench_v0_2,0.2.0,16,wrong_target,1.0,0.95,15907
case_000839,fsmrepairbench_v0_2,0.2.0,16,wrong_target,1.0,0.55,15924
case_000840,fsmrepairbench_v0_2,0.2.0,16,wrong_target,1.0,0.95,15941
case_000841,fsmrepairbench_v0_2,0.2.0,16,wrong_target,1.0,0.95,15958
case_000842,fsmrepairbench_v0_2,0.2.0,16,wrong_target,1.0,0.9583333333333334,15975
case_000843,fsmrepairbench_v0_2,0.2.0,16,wrong_target,1.0,0.95,15992
case_000844,fsmrepairbench_v0_2,0.2.0,16,wrong_target,1.0,0.95,16009
case_000845,fsmrepairbench_v0_2,0.2.0,16,wrong_target,1.0,0.55,16026
case_000846,fsmrepairbench_v0_2,0.2.0,16,wrong_target,1.0,0.95,16043
case_000847,fsmrepairbench_v0_2,0.2.0,16,wrong_target,1.0,0.9583333333333334,16060
case_000848,fsmrepairbench_v0_2,0.2.0,16,wrong_target,1.0,0.95,16077
case_000849,fsmrepairbench_v0_2,0.2.0,16,wrong_target,1.0,0.95,16094
case_000850,fsmrepairbench_v0_2,0.2.0,16,wrong_target,1.0,0.95,16111
case_000851,fsmrepairbench_v0_2,0.2.0,17,wrong_target,1.0,0.9166666666666666,16229
case_000852,fsmrepairbench_v0_2,0.2.0,17,wrong_target,1.0,0.9333333333333333,16246
case_000853,fsmrepairbench_v0_2,0.2.0,17,wrong_target,1.0,0.5833333333333334,16263
case_000854,fsmrepairbench_v0_2,0.2.0,17,wrong_target,1.0,0.9166666666666666,16280
case_000855,fsmrepairbench_v0_2,0.2.0,17,wrong_target,1.0,0.9,16297
case_000856,fsmrepairbench_v0_2,0.2.0,17,wrong_target,1.0,0.07142857142857142,16314
case_000857,fsmrepairbench_v0_2,0.2.0,17,wrong_target,1.0,0.07142857142857142,16331
case_000858,fsmrepairbench_v0_2,0.2.0,17,wrong_target,1.0,0.9,16348
case_000859,fsmrepairbench_v0_2,0.2.0,17,wrong_target,1.0,0.9230769230769231,16365
case_000860,fsmrepairbench_v0_2,0.2.0,17,wrong_target,1.0,0.9166666666666666,16382
case_000861,fsmrepairbench_v0_2,0.2.0,17,wrong_target,1.0,0.9166666666666666,16399
case_000862,fsmrepairbench_v0_2,0.2.0,17,wrong_target,1.0,0.9,16416
case_000863,fsmrepairbench_v0_2,0.2.0,17,wrong_target,1.0,0.9090909090909091,16433
case_000864,fsmrepairbench_v0_2,0.2.0,17,wrong_target,1.0,0.9166666666666666,16450
case_000865,fsmrepairbench_v0_2,0.2.0,17,wrong_target,1.0,0.9285714285714286,16467
case_000866,fsmrepairbench_v0_2,0.2.0,17,wrong_target,1.0,0.9333333333333333,16484
case_000867,fsmrepairbench_v0_2,0.2.0,17,wrong_target,1.0,0.9166666666666666,16501
case_000868,fsmrepairbench_v0_2,0.2.0,17,wrong_target,1.0,0.9285714285714286,16518
case_000869,fsmrepairbench_v0_2,0.2.0,17,wrong_target,1.0,0.9166666666666666,16535
case_000870,fsmrepairbench_v0_2,0.2.0,17,wrong_target,1.0,0.9166666666666666,16552
case_000871,fsmrepairbench_v0_2,0.2.0,17,wrong_target,1.0,0.9090909090909091,16569
case_000872,fsmrepairbench_v0_2,0.2.0,17,wrong_target,1.0,0.9166666666666666,16586
case_000873,fsmrepairbench_v0_2,0.2.0,17,wrong_target,1.0,0.5454545454545454,16603
case_000874,fsmrepairbench_v0_2,0.2.0,17,wrong_target,1.0,0.9285714285714286,16620
case_000875,fsmrepairbench_v0_2,0.2.0,17,wrong_target,1.0,0.9,16637
case_000876,fsmrepairbench_v0_2,0.2.0,17,wrong_target,1.0,0.9090909090909091,16654
case_000877,fsmrepairbench_v0_2,0.2.0,17,wrong_target,1.0,0.5,16671
case_000878,fsmrepairbench_v0_2,0.2.0,17,wrong_target,1.0,0.9230769230769231,16688
case_000879,fsmrepairbench_v0_2,0.2.0,17,wrong_target,1.0,0.6428571428571429,16705
case_000880,fsmrepairbench_v0_2,0.2.0,17,wrong_target,1.0,0.9230769230769231,16722
case_000881,fsmrepairbench_v0_2,0.2.0,17,wrong_target,1.0,0.9,16739
case_000882,fsmrepairbench_v0_2,0.2.0,17,wrong_target,1.0,0.9,16756
case_000883,fsmrepairbench_v0_2,0.2.0,17,wrong_target,1.0,0.9090909090909091,16773
case_000884,fsmrepairbench_v0_2,0.2.0,17,wrong_target,1.0,0.9,16790
case_000885,fsmrepairbench_v0_2,0.2.0,17,wrong_target,1.0,0.5454545454545454,16807
case_000886,fsmrepairbench_v0_2,0.2.0,17,wrong_target,1.0,0.08333333333333333,16824
case_000887,fsmrepairbench_v0_2,0.2.0,17,wrong_target,1.0,0.9166666666666666,16841
case_000888,fsmrepairbench_v0_2,0.2.0,17,wrong_target,1.0,0.5,16858
case_000889,fsmrepairbench_v0_2,0.2.0,17,wrong_target,1.0,0.07142857142857142,16875
case_000890,fsmrepairbench_v0_2,0.2.0,17,wrong_target,1.0,0.46153846153846156,16892
case_000891,fsmrepairbench_v0_2,0.2.0,17,wrong_target,1.0,0.9166666666666666,16909
case_000892,fsmrepairbench_v0_2,0.2.0,17,wrong_target,1.0,0.5,16926
case_000893,fsmrepairbench_v0_2,0.2.0,17,wrong_target,1.0,0.46153846153846156,16943
case_000894,fsmrepairbench_v0_2,0.2.0,17,wrong_target,1.0,0.9166666666666666,16960
case_000895,fsmrepairbench_v0_2,0.2.0,17,wrong_target,1.0,0.9,16977
case_000896,fsmrepairbench_v0_2,0.2.0,17,wrong_target,1.0,0.9230769230769231,16994
case_000897,fsmrepairbench_v0_2,0.2.0,17,wrong_target,1.0,0.5833333333333334,17011
case_000898,fsmrepairbench_v0_2,0.2.0,17,wrong_target,1.0,0.9,17028
case_000899,fsmrepairbench_v0_2,0.2.0,17,wrong_target,1.0,0.9166666666666666,17045
case_000900,fsmrepairbench_v0_2,0.2.0,17,wrong_target,1.0,0.9166666666666666,17062
case_000901,fsmrepairbench_v0_2,0.2.0,18,missing_transition,1.0,0.5,17180
case_000902,fsmrepairbench_v0_2,0.2.0,18,missing_transition,1.0,0.9,17197
case_000903,fsmrepairbench_v0_2,0.2.0,18,missing_transition,1.0,0.9166666666666666,17214
case_000904,fsmrepairbench_v0_2,0.2.0,18,missing_transition,1.0,0.9166666666666666,17231
case_000905,fsmrepairbench_v0_2,0.2.0,18,missing_transition,1.0,0.9166666666666666,17248
case_000906,fsmrepairbench_v0_2,0.2.0,18,missing_transition,1.0,0.9166666666666666,17265
case_000907,fsmrepairbench_v0_2,0.2.0,18,missing_transition,1.0,0.9,17282
case_000908,fsmrepairbench_v0_2,0.2.0,18,missing_transition,1.0,0.5,17299
case_000909,fsmrepairbench_v0_2,0.2.0,18,missing_transition,1.0,0.9,17316
case_000910,fsmrepairbench_v0_2,0.2.0,18,missing_transition,1.0,0.5,17333
case_000911,fsmrepairbench_v0_2,0.2.0,18,missing_transition,1.0,0.9,17350
case_000912,fsmrepairbench_v0_2,0.2.0,18,missing_transition,1.0,0.9,17367
case_000913,fsmrepairbench_v0_2,0.2.0,18,missing_transition,1.0,0.9,17384
case_000914,fsmrepairbench_v0_2,0.2.0,18,missing_transition,1.0,0.9,17401
case_000915,fsmrepairbench_v0_2,0.2.0,18,missing_transition,1.0,0.9,17418
case_000916,fsmrepairbench_v0_2,0.2.0,18,missing_transition,1.0,0.9,17435
case_000917,fsmrepairbench_v0_2,0.2.0,18,missing_transition,1.0,0.9,17452
case_000918,fsmrepairbench_v0_2,0.2.0,18,missing_transition,1.0,0.9166666666666666,17469
case_000919,fsmrepairbench_v0_2,0.2.0,18,missing_transition,1.0,0.5,17486
case_000920,fsmrepairbench_v0_2,0.2.0,18,missing_transition,1.0,0.9,17503
case_000921,fsmrepairbench_v0_2,0.2.0,18,missing_transition,1.0,0.5,17520
case_000922,fsmrepairbench_v0_2,0.2.0,18,missing_transition,1.0,0.5833333333333334,17537
case_000923,fsmrepairbench_v0_2,0.2.0,18,missing_transition,1.0,0.9,17554
case_000924,fsmrepairbench_v0_2,0.2.0,18,missing_transition,1.0,0.9166666666666666,17571
case_000925,fsmrepairbench_v0_2,0.2.0,18,missing_transition,1.0,0.5,17588
case_000926,fsmrepairbench_v0_2,0.2.0,18,missing_transition,1.0,0.9,17605
case_000927,fsmrepairbench_v0_2,0.2.0,18,missing_transition,1.0,0.9,17622
case_000928,fsmrepairbench_v0_2,0.2.0,18,missing_transition,1.0,0.08333333333333333,17639
case_000929,fsmrepairbench_v0_2,0.2.0,18,missing_transition,1.0,0.9166666666666666,17656
case_000930,fsmrepairbench_v0_2,0.2.0,18,missing_transition,1.0,0.5833333333333334,17673
case_000931,fsmrepairbench_v0_2,0.2.0,18,missing_transition,1.0,0.9166666666666666,17690
case_000932,fsmrepairbench_v0_2,0.2.0,18,missing_transition,1.0,0.9,17707
case_000933,fsmrepairbench_v0_2,0.2.0,18,missing_transition,1.0,0.5,17724
case_000934,fsmrepairbench_v0_2,0.2.0,18,missing_transition,1.0,0.9,17741
case_000935,fsmrepairbench_v0_2,0.2.0,18,missing_transition,1.0,0.5,17758
case_000936,fsmrepairbench_v0_2,0.2.0,18,missing_transition,1.0,0.9166666666666666,17775
case_000937,fsmrepairbench_v0_2,0.2.0,18,missing_transition,1.0,0.5,17792
case_000938,fsmrepairbench_v0_2,0.2.0,18,missing_transition,1.0,0.9,17809
case_000939,fsmrepairbench_v0_2,0.2.0,18,missing_transition,1.0,0.5,17826
case_000940,fsmrepairbench_v0_2,0.2.0,18,missing_transition,1.0,0.5,17843
case_000941,fsmrepairbench_v0_2,0.2.0,18,missing_transition,1.0,0.9,17860
case_000942,fsmrepairbench_v0_2,0.2.0,18,missing_transition,1.0,0.9,17877
case_000943,fsmrepairbench_v0_2,0.2.0,18,missing_transition,1.0,0.5,17894
case_000944,fsmrepairbench_v0_2,0.2.0,18,missing_transition,1.0,0.5,17911
case_000945,fsmrepairbench_v0_2,0.2.0,18,missing_transition,1.0,0.08333333333333333,17928
case_000946,fsmrepairbench_v0_2,0.2.0,18,missing_transition,1.0,0.9,17945
case_000947,fsmrepairbench_v0_2,0.2.0,18,missing_transition,1.0,0.5,17962
case_000948,fsmrepairbench_v0_2,0.2.0,18,missing_transition,1.0,0.9,17979
case_000949,fsmrepairbench_v0_2,0.2.0,18,missing_transition,1.0,0.9,17996
case_000950,fsmrepairbench_v0_2,0.2.0,18,missing_transition,1.0,0.9166666666666666,18013
case_000951,fsmrepairbench_v0_2,0.2.0,19,missing_transition,1.0,0.5,18131
case_000952,fsmrepairbench_v0_2,0.2.0,19,missing_transition,1.0,0.9230769230769231,18148
case_000953,fsmrepairbench_v0_2,0.2.0,19,missing_transition,1.0,0.9166666666666666,18165
case_000954,fsmrepairbench_v0_2,0.2.0,19,missing_transition,1.0,0.9090909090909091,18182
case_000955,fsmrepairbench_v0_2,0.2.0,19,missing_transition,1.0,0.6153846153846154,18199
case_000956,fsmrepairbench_v0_2,0.2.0,19,missing_transition,1.0,0.5833333333333334,18216
case_000957,fsmrepairbench_v0_2,0.2.0,19,missing_transition,1.0,0.9333333333333333,18233
case_000958,fsmrepairbench_v0_2,0.2.0,19,missing_transition,1.0,0.9166666666666666,18250
case_000959,fsmrepairbench_v0_2,0.2.0,19,missing_transition,1.0,0.9166666666666666,18267
case_000960,fsmrepairbench_v0_2,0.2.0,19,missing_transition,1.0,0.9333333333333333,18284
case_000961,fsmrepairbench_v0_2,0.2.0,19,missing_transition,1.0,0.9166666666666666,18301
case_000962,fsmrepairbench_v0_2,0.2.0,19,missing_transition,1.0,0.5,18318
case_000963,fsmrepairbench_v0_2,0.2.0,19,missing_transition,1.0,0.15384615384615385,18335
case_000964,fsmrepairbench_v0_2,0.2.0,19,missing_transition,1.0,0.9090909090909091,18352
case_000965,fsmrepairbench_v0_2,0.2.0,19,missing_transition,1.0,0.07142857142857142,18369
case_000966,fsmrepairbench_v0_2,0.2.0,19,missing_transition,1.0,0.9,18386
case_000967,fsmrepairbench_v0_2,0.2.0,19,missing_transition,1.0,0.9166666666666666,18403
case_000968,fsmrepairbench_v0_2,0.2.0,19,missing_transition,1.0,0.9166666666666666,18420
case_000969,fsmrepairbench_v0_2,0.2.0,19,missing_transition,1.0,0.5833333333333334,18437
case_000970,fsmrepairbench_v0_2,0.2.0,19,missing_transition,1.0,0.9166666666666666,18454
case_000971,fsmrepairbench_v0_2,0.2.0,19,missing_transition,1.0,0.5,18471
case_000972,fsmrepairbench_v0_2,0.2.0,19,missing_transition,1.0,0.9333333333333333,18488
case_000973,fsmrepairbench_v0_2,0.2.0,19,missing_transition,1.0,0.9090909090909091,18505
case_000974,fsmrepairbench_v0_2,0.2.0,19,missing_transition,1.0,0.4166666666666667,18522
case_000975,fsmrepairbench_v0_2,0.2.0,19,missing_transition,1.0,0.9166666666666666,18539
case_000976,fsmrepairbench_v0_2,0.2.0,19,missing_transition,1.0,0.5,18556
case_000977,fsmrepairbench_v0_2,0.2.0,19,missing_transition,1.0,0.9166666666666666,18573
case_000978,fsmrepairbench_v0_2,0.2.0,19,missing_transition,1.0,0.9166666666666666,18590
case_000979,fsmrepairbench_v0_2,0.2.0,19,missing_transition,1.0,0.5833333333333334,18607
case_000980,fsmrepairbench_v0_2,0.2.0,19,missing_transition,1.0,0.9,18624
case_000981,fsmrepairbench_v0_2,0.2.0,19,missing_transition,1.0,0.9166666666666666,18641
case_000982,fsmrepairbench_v0_2,0.2.0,19,missing_transition,1.0,0.9166666666666666,18658
case_000983,fsmrepairbench_v0_2,0.2.0,19,missing_transition,1.0,0.9333333333333333,18675
case_000984,fsmrepairbench_v0_2,0.2.0,19,missing_transition,1.0,0.9,18692
case_000985,fsmrepairbench_v0_2,0.2.0,19,missing_transition,1.0,0.5833333333333334,18709
case_000986,fsmrepairbench_v0_2,0.2.0,19,missing_transition,1.0,0.5,18726
case_000987,fsmrepairbench_v0_2,0.2.0,19,missing_transition,1.0,0.9166666666666666,18743
case_000988,fsmrepairbench_v0_2,0.2.0,19,missing_transition,1.0,0.9166666666666666,18760
case_000989,fsmrepairbench_v0_2,0.2.0,19,missing_transition,1.0,0.9,18777
case_000990,fsmrepairbench_v0_2,0.2.0,19,missing_transition,1.0,0.9166666666666666,18794
case_000991,fsmrepairbench_v0_2,0.2.0,19,missing_transition,1.0,0.9090909090909091,18811
case_000992,fsmrepairbench_v0_2,0.2.0,19,missing_transition,1.0,0.9166666666666666,18828
case_000993,fsmrepairbench_v0_2,0.2.0,19,missing_transition,1.0,0.9166666666666666,18845
case_000994,fsmrepairbench_v0_2,0.2.0,19,missing_transition,1.0,0.46153846153846156,18862
case_000995,fsmrepairbench_v0_2,0.2.0,19,missing_transition,1.0,0.6428571428571429,18879
case_000996,fsmrepairbench_v0_2,0.2.0,19,missing_transition,1.0,0.9166666666666666,18896
case_000997,fsmrepairbench_v0_2,0.2.0,19,missing_transition,1.0,0.9444444444444444,18913
case_000998,fsmrepairbench_v0_2,0.2.0,19,missing_transition,1.0,0.9166666666666666,18930
case_000999,fsmrepairbench_v0_2,0.2.0,19,missing_transition,1.0,0.9333333333333333,18947
case_001000,fsmrepairbench_v0_2,0.2.0,19,missing_transition,1.0,0.9285714285714286,18964
