metric,mutation_order,primary_operator,value,count,fraction
cohort_size,,,250,,
total_cases,,,750,,
first_order_case_count,,,250,,
higher_order_case_count,,,500,,
detection_rate,1,,0.472,,
complete_repair_rate,1,,0.892,,
effective_repair_rate,1,,0.42,,
mean_faulty_bpr,1,,0.9323,,
mean_bpr_delta,1,,0.0677,,
complete_repair_rate_detectable,1,,0.771186,,
effective_repair_rate_detectable,1,,0.889831,,
mean_bpr_delta_detectable,1,,0.143432,,
detectable_count,1,,118,,
detection_rate,2,,0.992,,
complete_repair_rate,2,,0.6,,
effective_repair_rate,2,,0.92,,
mean_faulty_bpr,2,,0.732961,,
mean_bpr_delta,2,,0.267039,,
complete_repair_rate_detectable,2,,0.596774,,
effective_repair_rate_detectable,2,,0.927419,,
mean_bpr_delta_detectable,2,,0.269193,,
detectable_count,2,,248,,
detection_rate,3,,1.0,,
complete_repair_rate,3,,0.404,,
effective_repair_rate,3,,0.98,,
mean_faulty_bpr,3,,0.611936,,
mean_bpr_delta,3,,0.388064,,
complete_repair_rate_detectable,3,,0.404,,
effective_repair_rate_detectable,3,,0.98,,
mean_bpr_delta_detectable,3,,0.388064,,
detectable_count,3,,250,,
coupling_effect_estimate,,,1.0,,
detection_rate,1,action_corruption,0.0,,
detection_rate,2,action_corruption,1.0,,
complete_repair_rate_detectable,2,action_corruption,0.875,,
effective_repair_rate_detectable,2,action_corruption,0.9375,,
mean_bpr_delta_detectable,2,action_corruption,0.186784,,
detectable_count,2,action_corruption,16,,
detection_rate,3,action_corruption,1.0,,
complete_repair_rate_detectable,3,action_corruption,0.4375,,
effective_repair_rate_detectable,3,action_corruption,1.0,,
mean_bpr_delta_detectable,3,action_corruption,0.264561,,
detectable_count,3,action_corruption,16,,
detection_rate,1,action_full_mutation,0.0,,
detection_rate,2,action_full_mutation,1.0,,
complete_repair_rate_detectable,2,action_full_mutation,0.6875,,
effective_repair_rate_detectable,2,action_full_mutation,0.75,,
mean_bpr_delta_detectable,2,action_full_mutation,0.118223,,
detectable_count,2,action_full_mutation,16,,
detection_rate,3,action_full_mutation,1.0,,
complete_repair_rate_detectable,3,action_full_mutation,0.3125,,
effective_repair_rate_detectable,3,action_full_mutation,0.9375,,
mean_bpr_delta_detectable,3,action_full_mutation,0.577295,,
detectable_count,3,action_full_mutation,16,,
detection_rate,1,dead_state_intro,0.0,,
detection_rate,2,dead_state_intro,1.0,,
complete_repair_rate_detectable,2,dead_state_intro,0.625,,
effective_repair_rate_detectable,2,dead_state_intro,0.625,,
mean_bpr_delta_detectable,2,dead_state_intro,0.111638,,
detectable_count,2,dead_state_intro,16,,
detection_rate,3,dead_state_intro,1.0,,
complete_repair_rate_detectable,3,dead_state_intro,0.3125,,
effective_repair_rate_detectable,3,dead_state_intro,0.9375,,
mean_bpr_delta_detectable,3,dead_state_intro,0.699907,,
detectable_count,3,dead_state_intro,16,,
detection_rate,1,delay_corruption,0.0,,
detection_rate,2,delay_corruption,1.0,,
complete_repair_rate_detectable,2,delay_corruption,0.8125,,
effective_repair_rate_detectable,2,delay_corruption,0.9375,,
mean_bpr_delta_detectable,2,delay_corruption,0.124398,,
detectable_count,2,delay_corruption,16,,
detection_rate,3,delay_corruption,1.0,,
complete_repair_rate_detectable,3,delay_corruption,0.625,,
effective_repair_rate_detectable,3,delay_corruption,1.0,,
mean_bpr_delta_detectable,3,delay_corruption,0.077128,,
detectable_count,3,delay_corruption,16,,
detection_rate,1,duplicate_transition,0.0,,
detection_rate,2,duplicate_transition,0.875,,
complete_repair_rate_detectable,2,duplicate_transition,0.714286,,
effective_repair_rate_detectable,2,duplicate_transition,0.857143,,
mean_bpr_delta_detectable,2,duplicate_transition,0.162556,,
detectable_count,2,duplicate_transition,14,,
detection_rate,3,duplicate_transition,1.0,,
complete_repair_rate_detectable,3,duplicate_transition,0.375,,
effective_repair_rate_detectable,3,duplicate_transition,1.0,,
mean_bpr_delta_detectable,3,duplicate_transition,0.474407,,
detectable_count,3,duplicate_transition,16,,
detection_rate,1,guard_flip,1.0,,
complete_repair_rate_detectable,1,guard_flip,1.0,,
effective_repair_rate_detectable,1,guard_flip,1.0,,
mean_bpr_delta_detectable,1,guard_flip,0.063074,,
detectable_count,1,guard_flip,16,,
detection_rate,2,guard_flip,1.0,,
coupling_effect,2,guard_flip,1.0,,
complete_repair_rate_detectable,2,guard_flip,0.5,,
effective_repair_rate_detectable,2,guard_flip,1.0,,
mean_bpr_delta_detectable,2,guard_flip,0.356077,,
detectable_count,2,guard_flip,16,,
detection_rate,3,guard_flip,1.0,,
coupling_effect,3,guard_flip,1.0,,
complete_repair_rate_detectable,3,guard_flip,0.375,,
effective_repair_rate_detectable,3,guard_flip,0.9375,,
mean_bpr_delta_detectable,3,guard_flip,0.321298,,
detectable_count,3,guard_flip,16,,
detection_rate,1,guard_inter_class,0.375,,
complete_repair_rate_detectable,1,guard_inter_class,1.0,,
effective_repair_rate_detectable,1,guard_inter_class,1.0,,
mean_bpr_delta_detectable,1,guard_inter_class,0.043379,,
detectable_count,1,guard_inter_class,6,,
detection_rate,2,guard_inter_class,1.0,,
coupling_effect,2,guard_inter_class,1.0,,
complete_repair_rate_detectable,2,guard_inter_class,0.8125,,
effective_repair_rate_detectable,2,guard_inter_class,0.9375,,
mean_bpr_delta_detectable,2,guard_inter_class,0.144479,,
detectable_count,2,guard_inter_class,16,,
detection_rate,3,guard_inter_class,1.0,,
coupling_effect,3,guard_inter_class,1.0,,
complete_repair_rate_detectable,3,guard_inter_class,0.375,,
effective_repair_rate_detectable,3,guard_inter_class,0.9375,,
mean_bpr_delta_detectable,3,guard_inter_class,0.537907,,
detectable_count,3,guard_inter_class,16,,
detection_rate,1,guard_strengthen,1.0,,
complete_repair_rate_detectable,1,guard_strengthen,1.0,,
effective_repair_rate_detectable,1,guard_strengthen,1.0,,
mean_bpr_delta_detectable,1,guard_strengthen,0.02688,,
detectable_count,1,guard_strengthen,16,,
detection_rate,2,guard_strengthen,1.0,,
coupling_effect,2,guard_strengthen,1.0,,
complete_repair_rate_detectable,2,guard_strengthen,0.625,,
effective_repair_rate_detectable,2,guard_strengthen,1.0,,
mean_bpr_delta_detectable,2,guard_strengthen,0.079933,,
detectable_count,2,guard_strengthen,16,,
detection_rate,3,guard_strengthen,1.0,,
coupling_effect,3,guard_strengthen,1.0,,
complete_repair_rate_detectable,3,guard_strengthen,0.375,,
effective_repair_rate_detectable,3,guard_strengthen,1.0,,
mean_bpr_delta_detectable,3,guard_strengthen,0.415694,,
detectable_count,3,guard_strengthen,16,,
detection_rate,1,guard_weaken,1.0,,
complete_repair_rate_detectable,1,guard_weaken,1.0,,
effective_repair_rate_detectable,1,guard_weaken,1.0,,
mean_bpr_delta_detectable,1,guard_weaken,0.038919,,
detectable_count,1,guard_weaken,16,,
detection_rate,2,guard_weaken,1.0,,
coupling_effect,2,guard_weaken,1.0,,
complete_repair_rate_detectable,2,guard_weaken,0.6875,,
effective_repair_rate_detectable,2,guard_weaken,1.0,,
mean_bpr_delta_detectable,2,guard_weaken,0.157964,,
detectable_count,2,guard_weaken,16,,
detection_rate,3,guard_weaken,1.0,,
coupling_effect,3,guard_weaken,1.0,,
complete_repair_rate_detectable,3,guard_weaken,0.4375,,
effective_repair_rate_detectable,3,guard_weaken,1.0,,
mean_bpr_delta_detectable,3,guard_weaken,0.382652,,
detectable_count,3,guard_weaken,16,,
detection_rate,1,missing_transition,1.0,,
complete_repair_rate_detectable,1,missing_transition,1.0,,
effective_repair_rate_detectable,1,missing_transition,1.0,,
mean_bpr_delta_detectable,1,missing_transition,0.070937,,
detectable_count,1,missing_transition,16,,
detection_rate,2,missing_transition,1.0,,
coupling_effect,2,missing_transition,1.0,,
complete_repair_rate_detectable,2,missing_transition,0.5,,
effective_repair_rate_detectable,2,missing_transition,1.0,,
mean_bpr_delta_detectable,2,missing_transition,0.285696,,
detectable_count,2,missing_transition,16,,
detection_rate,3,missing_transition,1.0,,
coupling_effect,3,missing_transition,1.0,,
complete_repair_rate_detectable,3,missing_transition,0.5,,
effective_repair_rate_detectable,3,missing_transition,1.0,,
mean_bpr_delta_detectable,3,missing_transition,0.447696,,
detectable_count,3,missing_transition,16,,
detection_rate,1,nondeterminism_intro,0.0,,
detection_rate,2,nondeterminism_intro,1.0,,
complete_repair_rate_detectable,2,nondeterminism_intro,0.5,,
effective_repair_rate_detectable,2,nondeterminism_intro,0.875,,
mean_bpr_delta_detectable,2,nondeterminism_intro,0.395564,,
detectable_count,2,nondeterminism_intro,16,,
detection_rate,3,nondeterminism_intro,1.0,,
complete_repair_rate_detectable,3,nondeterminism_intro,0.4375,,
effective_repair_rate_detectable,3,nondeterminism_intro,0.9375,,
mean_bpr_delta_detectable,3,nondeterminism_intro,0.256657,,
detectable_count,3,nondeterminism_intro,16,,
detection_rate,1,timeout_corruption,0.0,,
detection_rate,2,timeout_corruption,1.0,,
complete_repair_rate_detectable,2,timeout_corruption,0.714286,,
effective_repair_rate_detectable,2,timeout_corruption,1.0,,
mean_bpr_delta_detectable,2,timeout_corruption,0.424386,,
detectable_count,2,timeout_corruption,14,,
detection_rate,3,timeout_corruption,1.0,,
complete_repair_rate_detectable,3,timeout_corruption,0.785714,,
effective_repair_rate_detectable,3,timeout_corruption,1.0,,
mean_bpr_delta_detectable,3,timeout_corruption,0.113916,,
detectable_count,3,timeout_corruption,14,,
detection_rate,1,unreachable_state_intro,0.0,,
detection_rate,2,unreachable_state_intro,1.0,,
complete_repair_rate_detectable,2,unreachable_state_intro,0.833333,,
effective_repair_rate_detectable,2,unreachable_state_intro,0.916667,,
mean_bpr_delta_detectable,2,unreachable_state_intro,0.289038,,
detectable_count,2,unreachable_state_intro,12,,
detection_rate,3,unreachable_state_intro,1.0,,
complete_repair_rate_detectable,3,unreachable_state_intro,0.666667,,
effective_repair_rate_detectable,3,unreachable_state_intro,1.0,,
mean_bpr_delta_detectable,3,unreachable_state_intro,0.343212,,
detectable_count,3,unreachable_state_intro,12,,
detection_rate,1,wrong_event,1.0,,
complete_repair_rate_detectable,1,wrong_event,1.0,,
effective_repair_rate_detectable,1,wrong_event,1.0,,
mean_bpr_delta_detectable,1,wrong_event,0.030432,,
detectable_count,1,wrong_event,12,,
detection_rate,2,wrong_event,1.0,,
coupling_effect,2,wrong_event,1.0,,
complete_repair_rate_detectable,2,wrong_event,0.416667,,
effective_repair_rate_detectable,2,wrong_event,1.0,,
mean_bpr_delta_detectable,2,wrong_event,0.267813,,
detectable_count,2,wrong_event,12,,
detection_rate,3,wrong_event,1.0,,
coupling_effect,3,wrong_event,1.0,,
complete_repair_rate_detectable,3,wrong_event,0.333333,,
effective_repair_rate_detectable,3,wrong_event,1.0,,
mean_bpr_delta_detectable,3,wrong_event,0.341367,,
detectable_count,3,wrong_event,12,,
detection_rate,1,wrong_initial_state,1.0,,
complete_repair_rate_detectable,1,wrong_initial_state,0.0,,
effective_repair_rate_detectable,1,wrong_initial_state,0.916667,,
mean_bpr_delta_detectable,1,wrong_initial_state,1.0,,
detectable_count,1,wrong_initial_state,12,,
detection_rate,2,wrong_initial_state,1.0,,
coupling_effect,2,wrong_initial_state,1.0,,
complete_repair_rate_detectable,2,wrong_initial_state,0.0,,
effective_repair_rate_detectable,2,wrong_initial_state,1.0,,
mean_bpr_delta_detectable,2,wrong_initial_state,0.984657,,
detectable_count,2,wrong_initial_state,12,,
detection_rate,3,wrong_initial_state,1.0,,
coupling_effect,3,wrong_initial_state,1.0,,
complete_repair_rate_detectable,3,wrong_initial_state,0.0,,
effective_repair_rate_detectable,3,wrong_initial_state,1.0,,
mean_bpr_delta_detectable,3,wrong_initial_state,0.90535,,
detectable_count,3,wrong_initial_state,12,,
detection_rate,1,wrong_source,1.0,,
complete_repair_rate_detectable,1,wrong_source,0.75,,
effective_repair_rate_detectable,1,wrong_source,1.0,,
mean_bpr_delta_detectable,1,wrong_source,0.054991,,
detectable_count,1,wrong_source,12,,
detection_rate,2,wrong_source,1.0,,
coupling_effect,2,wrong_source,1.0,,
complete_repair_rate_detectable,2,wrong_source,0.5,,
effective_repair_rate_detectable,2,wrong_source,1.0,,
mean_bpr_delta_detectable,2,wrong_source,0.386831,,
detectable_count,2,wrong_source,12,,
detection_rate,3,wrong_source,1.0,,
coupling_effect,3,wrong_source,1.0,,
complete_repair_rate_detectable,3,wrong_source,0.333333,,
effective_repair_rate_detectable,3,wrong_source,1.0,,
mean_bpr_delta_detectable,3,wrong_source,0.142821,,
detectable_count,3,wrong_source,12,,
detection_rate,1,wrong_target,1.0,,
complete_repair_rate_detectable,1,wrong_target,0.0,,
effective_repair_rate_detectable,1,wrong_target,0.0,,
mean_bpr_delta_detectable,1,wrong_target,0.036887,,
detectable_count,1,wrong_target,12,,
detection_rate,2,wrong_target,1.0,,
coupling_effect,2,wrong_target,1.0,,
complete_repair_rate_detectable,2,wrong_target,0.083333,,
effective_repair_rate_detectable,2,wrong_target,1.0,,
mean_bpr_delta_detectable,2,wrong_target,0.335869,,
detectable_count,2,wrong_target,12,,
detection_rate,3,wrong_target,1.0,,
coupling_effect,3,wrong_target,1.0,,
complete_repair_rate_detectable,3,wrong_target,0.083333,,
effective_repair_rate_detectable,3,wrong_target,1.0,,
mean_bpr_delta_detectable,3,wrong_target,0.278749,,
detectable_count,3,wrong_target,12,,
